objno_deep2,z_pred
12011416,0.43513101833873424
12023279,0.8204859755784446
13017399,1.0059265096220598
12008131,0.4596165466119758
12003729,0.6581691656273511
12003313,1.1312752658769853
11021040,0.7004343528938043
13020559,0.9200128950622576
14029818,1.080917938957605
13049159,0.6549057421638602
13026194,1.1367114037612078
13028427,0.6084436100063326
13035570,0.6256270337337148
13018058,0.4288215518388132
12005533,0.656412861290022
12027865,1.15808294114655
14028737,1.0288411773782251
13034892,0.7888932361279856
13058802,0.7155949498036284
13034266,0.45314226057792
12015933,1.3524821077108966
13019356,1.080917938957605
13043664,0.6320132603766705
13026703,0.8709756423229277
14034435,0.3973177063878986
11045189,0.46951431675381344
12029430,0.5200459713088297
12020460,0.5207571827724387
11051190,0.5086746300193958
12020226,1.1335648237814628
13064313,1.0893049226777671
12029047,1.1297137061776004
13064464,0.5547669023343231
14024652,1.17425338780756
14012814,0.8924058401932422
14021539,0.8924058401932422
13058710,0.4896483594386416
11027452,0.9323389530028049
13026761,0.750352265055687
13055360,0.8959710836736974
12024872,0.924510449509327
12021021,1.1115678455669282
11051962,0.3191704519630469
12027965,0.5313819709682
13051672,0.20846129325662485
11032750,0.4955086115024853
13055272,0.7932489782204191
11101473,0.8924058401932422
11006363,0.7197525769122805
11034334,1.1398256005735092
11033434,0.34667836581007705
14028987,0.6091158596888508
12004729,0.9827088196845447
14018493,0.5669449708478161
13020183,1.120267900487331
13010247,1.0789105439025204
13003917,1.080917938957605
12012294,1.526162855181379
11051724,0.29371302483636524
13032491,0.4485715240646007
12101115,1.3559026212443055
12028825,0.7045650849300257
11040256,1.2795584934990503
14034601,1.2607700359634275
14023103,0.48719540442845394
11015202,0.6673878371779115
14011252,0.45653761009084737
12028457,0.5385542211153664
12007663,0.9252850738437364
14028119,1.109063442554096
14007176,0.5267861977522915
12025109,1.1826996453069805
14028452,0.6975688043582724
11013937,0.7371135952473982
12017074,0.6495301197625326
14016678,1.1550858096625467
14033288,0.491916398103416
12029045,0.6313306401679928
13026732,1.0113050310917133
13027026,1.1464211698910978
13025375,0.8024195467659981
13012069,0.5264889641008575
12007621,0.7217643408366715
12016619,0.8098070975882805
12007683,1.0227736915012395
11045638,1.0845977266485778
13005509,0.43625752711218013
13032755,1.0192863389572897
12003637,1.0427474691938263
12028626,0.5441031746528302
12032544,0.2398297418623807
14017935,0.5214595646135028
13040732,0.5437696812919472
11044620,0.24750928179315812
13034445,1.0876618605000632
13035996,1.1324446458622244
11051648,0.78681700187815
11046508,0.493449174118869
12024336,1.5145333460060175
13051230,0.3957407955207198
12009171,1.0655271457501287
12032532,0.4554686936512212
11007823,0.2620781358299599
14011560,1.1859080555784316
13019862,0.4151406788345735
13026080,0.8371725137505105
13035330,0.39334308382209127
12029226,0.8753351114087099
12012494,0.48279536315020477
14018277,0.5995350158166931
13040940,1.091902740453408
13034137,0.9605198830959758
12023760,0.33115073986832966
12028365,0.4104927498402404
11033809,1.134926018791552
11045168,1.0719655922588636
12016592,0.5255087534253825
11007873,0.42623975175177253
13063785,0.3658626087589355
13011113,0.651326670972799
14016865,0.538295072543042
11045186,0.4548074890281166
14034659,0.4569359851135435
12024884,0.7680864610828626
12015938,1.1516174516043975
14011284,0.7652748790419469
11031171,0.2882924490879963
13010923,0.6886749508278646
12008251,1.2350184798700126
13035874,0.9798872905797521
12012513,0.5117970551891838
13003434,0.6950871803633549
14018687,1.2435280203095478
12005419,1.0636415092970388
13049865,0.6223453009802985
12024755,1.5230992326742891
14006846,0.5288656038470899
14023227,0.45322313303234124
11027394,0.7717950822647802
11033559,0.7530773131650134
14006887,0.4256497031421946
12019713,0.5425213396245336
12019135,0.6799245576817676
13040908,0.5095370697281735
13101049,0.6501039864647467
11047070,0.5622345450756302
14016263,1.1883862912048426
13020587,0.1641389894908047
12012782,0.5370104326102698
12101118,0.8029691085379166
13020535,0.2815975378275388
12028551,0.7639016938904697
14012641,1.1916922672121968
13025271,0.7160741495406501
14006544,0.6621397263167733
13011059,0.6876194765923276
13055576,1.080917938957605
13025832,0.5308032700815614
12012068,0.6791321630383067
13063861,0.38674064160143556
11052736,0.6961564540127545
12012433,0.47266790343967047
14022965,1.0427020210772255
11046356,0.42678926469680145
14027841,0.5166111479213087
11014351,1.1743982154300336
14034483,0.2466530348196581
12004443,0.6889928423773377
12025024,0.3971451101060062
13010951,0.6198155775658728
13063832,1.421521151431361
12024917,0.14993997266124098
11051726,0.9163609474334335
13057557,0.5205994976640912
14027397,0.5805782740039185
11044350,1.059327965121007
12019902,1.3158667145956504
11044680,0.8184441982867763
13027445,0.36829294088357306
13017202,0.8175546848875824
12012794,0.7219349924871147
13027139,0.8041935848506722
12027358,1.2896431104239963
11040228,0.48469618462720054
11050883,1.080917938957605
14100756,0.8924058401932422
14007996,0.7428370226055228
12023622,1.1115678455669282
13040065,0.5436254661371905
12100758,1.0746184143030435
12007196,0.6477668195503622
12015118,1.2703609640897793
13016341,0.7342015091384642
13056000,0.4971833603370052
13057505,0.9904313669395731
13003385,0.27406031027338323
11051235,0.5129229454748293
11038382,1.2173866972526617
12020279,1.087956715358237
12025532,0.9053829991011334
13036413,0.41444634159823696
14006178,0.5949787547538928
13034499,0.7089945570666232
11019069,0.9018942728432865
14100805,1.3865866595011045
13100238,0.6862317517610086
14039621,0.33324205503381493
12100559,1.3351965646997268
14007400,0.9715975188731228
13059034,0.3166539025778547
12100154,0.2516013209280554
13019398,0.6368425751429845
13033760,1.268250383972414
12023941,1.340215004784862
11050775,0.8207411208602121
12020615,0.35563098419222483
11040739,0.7507842397816133
14017067,0.7405913458907109
13064937,0.5228031976293286
13035084,1.269988102003697
12009094,0.356493119138072
14028799,1.2450218081950657
11031579,0.8924058401932422
13055292,0.5451752169280928
13050924,0.9816572978401152
13100756,0.4710130208114545
11014390,1.0397132812179946
13063155,1.4048963908514567
13042393,1.080917938957605
13018922,1.1632369950880899
13062953,0.9741951162999226
13057852,0.5229819888009685
14039955,0.5408897274383668
11051653,0.8261603126165079
11039583,0.24034921003581303
11020631,0.7747356260581161
12024894,0.25675950261329183
12029588,0.5272374929484641
13051092,0.7496782948628111
13009933,0.42585941310683717
13003269,1.0188650874047127
13101295,1.5532507522515127
12016787,0.23738414818583095
14012587,0.7449422080353826
12024580,0.5674442239376281
12016281,0.5392955530504451
11046351,0.830610427672502
14029107,0.7896056696027183
13056983,1.2607423023388242
13012487,0.7244388859120267
14035145,0.3198249559216178
13004837,1.1115678455669282
13043436,1.0338103226533213
12016347,0.30398931659572626
12011961,0.8924058401932422
14035098,1.2669176145347316
13036478,1.3202501628424692
11037772,1.080917938957605
13032926,0.7645087449809185
12015392,0.7840347106555278
12008827,0.7922170570089063
13050172,0.5770860997668744
12020308,1.3973692444456451
12027772,0.6276771543343149
13010374,1.1094380400852937
12003792,0.678066587156072
13018943,0.3777916824695602
12024858,0.24916763338265255
14016974,0.5617604226311396
12028140,0.7891369890132421
12012326,0.4228993548247928
13063956,0.45674377726676646
11021273,0.9146780791769964
11032910,0.8660183496409624
11026927,0.5245333716928005
13058766,0.3429141758828224
11026386,1.0661969921644199
13040203,1.080917938957605
14100370,0.5712345599932476
12008510,0.2895989818584218
12011295,0.4763018468026572
14012797,0.48665609880746585
12005047,0.8489696125943749
13009902,0.6114225431801649
14027189,1.177026675418597
13026154,1.080917938957605
13004292,0.366857568709714
12101094,1.341624555885932
11007848,0.4579782867487804
11047679,0.5335926821473737
13035903,1.2229213520623166
13010896,1.0074549866237232
14006821,0.8880085544034836
11046473,0.5954793265072392
13064139,0.3670475400567063
13024769,0.7330864177830232
11046267,1.079321064199848
12100759,1.0468786530752956
13042361,0.9163743340596574
12009037,0.5606426865471131
12012215,0.29576103483044003
14100096,1.080917938957605
11031303,0.8262462116956949
13044266,0.8120534657892506
11044182,0.49709973517356987
12011668,0.9561306305878804
13101995,0.6032721816293942
14028429,0.38714758550144057
13049825,0.6706786015506317
13040741,0.4206491741522804
11038273,1.5513111688490617
12020063,0.5113842593864283
11021746,0.5150121857358678
12017388,0.8358790944247674
11026382,0.3845186481814175
12008911,1.1932971634465483
13063856,0.9103363498539419
13026542,0.9538340842557941
11051499,0.9598546546805856
12011767,1.1723871985570888
13010099,0.6766482762124864
12003765,0.566917988348696
13041676,0.2264963041480558
11032358,0.5697811214614403
13010254,1.2583969648782503
12025231,0.07678553956577722
13020230,0.713188705967919
14016225,0.5583151012039138
12007511,0.8370566469607524
12013238,0.5309658128326631
12015531,0.6674464604473522
12012064,0.6582464297701849
14017982,0.37891837244543836
14023644,1.1130339778852831
11039706,0.7951910719462136
13026112,0.42012144331897905
13033731,1.2528793686519637
12016719,0.5687179155006234
14023468,0.541998941011774
12005125,0.797863286249747
12019377,0.4607375833729309
12016150,0.6833152487120806
12028046,0.6089810493633995
12012559,1.2345617106600886
14012963,0.8784066703585747
11051533,0.8295235597476032
12009269,1.2340901869882608
13051539,0.33860980937514806
12029027,0.5807233822208627
11039432,0.89454455019652
12027695,0.474534299390713
12004487,0.49123913082937626
14039135,1.1927097939980587
13027790,0.7590085437607856
13017370,0.42251653998795274
13011979,1.2158772364098211
13004693,0.3384133762325756
13025009,1.3067851184797523
13033864,0.7558453621257537
13034747,0.8825864515346787
13040814,0.368190048797902
13033966,1.237897255495483
12003869,1.0987817336063677
13033885,0.556819231045658
13009982,1.219806882725292
12019800,1.2779696519471444
11020734,0.6711908524482422
11021075,0.9864813749556843
11046514,1.080917938957605
14012204,1.3301326997335012
13057879,0.8924058401932422
14034224,1.080917938957605
13028039,0.9193296774382842
12003664,0.7991695384630382
14016307,0.7555268773561126
13049771,0.9497278966016385
11051167,1.3195705986888948
12029472,0.3325479332648851
11013886,0.4657382875918871
13036008,0.7658192089684797
13018682,0.768646422210606
13005066,0.5773009773437219
12020127,1.2014834388444797
11020588,0.6737563608007319
13041286,0.9228603763958364
13100543,0.9876152148159635
11045209,0.831497248984581
14033631,0.5240333067482222
12027702,0.544556182626889
14022469,1.0723981361952208
13010199,0.48651608306469873
13016870,1.1184618707721155
13017686,0.7288653100580782
13003318,1.163386680933435
11014349,0.7435907114211188
11026450,0.437009549074722
13049736,0.7070283703822273
11021002,0.648386679630162
12024928,0.5304125226302189
13027875,0.4091442750662724
14034709,0.7019837500633833
11034271,0.7464150311744705
13058765,0.7483463028322561
12018990,0.815319392485431
13058693,0.6475715688970254
12015966,1.1680924244619422
13033835,1.0049889159573455
14028474,0.32531284428016094
12019745,0.771699532609901
11015228,0.6007102117069165
14022899,0.49063479195682524
12015949,1.1634521764555064
11027975,0.8258585155043502
14006713,0.5862218292899259
13033172,0.659147544551797
13051879,1.4983127266744936
13064904,0.5337939119767771
13032467,0.9335173288552768
11041347,0.2160894931711349
12016731,0.5096233901907694
13031815,0.8924058401932422
13048997,0.5514809951142703
11045934,1.080917938957605
12017194,0.5605132281061512
11039139,0.8879882191135082
13035927,0.7230932514364684
11051236,0.5079389277639144
12020628,0.4905442572008576
12004687,0.9877531257871435
12013234,0.2928326880343371
12015626,0.8470381042745164
13024029,0.9881275316110005
14018476,0.5896387575283543
11012940,1.0364148954858392
13020619,0.44151570048857564
11039150,0.6735246534700471
12008513,0.9455803944446295
11038561,0.7451527724071019
14007987,0.5005068673452929
13026538,0.5756912848002085
11051984,1.1123587155207555
12020184,0.6579982758755495
11052755,0.28604203186685373
12024828,1.1115678455669282
11032739,0.3059797528912292
14002228,1.3772763086716602
13031821,1.080917938957605
11045532,0.7491687611943898
11007749,0.9899581560079539
11033882,0.561494225226038
13019247,0.9841405607144235
12024851,0.4956582572230144
11020606,0.9089319842793062
11052341,0.375170291364776
13013039,0.9989589925273223
13059316,0.2574695395292977
14100807,0.7236058354760119
12028696,0.4102059487196275
13035862,0.6705146048586021
12020179,1.165691979579457
12011891,0.5455740189153578
11026403,0.5681818012389147
11015296,0.7055044596033431
11033012,0.7909328013903905
11008311,0.4450654342562693
13017517,0.8924058401932422
11039902,0.8320409727736152
12028731,0.427966557937011
13017296,0.5697862516826782
12028331,1.1861998311549657
13032515,0.4169712243096224
12007455,0.6820009698937874
13056258,0.4791331212172047
12024932,0.11916704743286177
11033623,0.8924058401932422
11050989,0.6242788101614923
12007472,1.0599000116519728
13012163,1.3243630458062392
12015255,0.6819401553496389
13010625,0.2442556749303348
12015814,0.5657333367605745
14100342,1.0592238367782734
13003388,1.3116065070804275
13048969,0.9815058125075717
11046928,0.414492961654861
12100036,1.3103054645970316
12023700,0.8112114427356234
12008851,0.7687358957418653
13016662,1.080917938957605
13042073,0.42206667671011794
13003405,1.3748200487954674
14013108,0.24584306611729986
14027644,1.005800827900039
11041293,1.426147239419288
14023724,0.6760811723429718
13044269,0.9357957410550761
13024524,0.8144298915560496
11040834,0.42379994067507853
11018870,1.080917938957605
11007393,0.8726008048601017
11021220,0.6590547905598805
11032831,0.9101089330504666
13056127,0.4554267149083324
13049747,0.7762369397028878
12015439,1.5935093231985282
13032344,1.2033027591657288
12015507,1.0724093941337773
13011789,1.372359563252767
13049598,0.5032555129965971
12016362,0.9430223436555368
13049899,0.8259310394550632
13026472,0.9187677683804523
14023658,0.6077711076610757
13003400,0.9359085729666794
12024044,1.0089532751820132
11014382,0.7603279766913382
11014235,1.1308776304215973
12008575,0.6091151394593871
14033484,0.822929081661419
11008352,0.621838466505759
12025269,1.2374802053377618
13033105,1.3875629160565834
12019339,1.4818488139023416
14022415,0.7140649451499563
11026982,0.6559797543028734
14033134,0.9903843342663532
13011072,0.7979035853020116
12007424,1.0891008112591354
13010841,0.7149374941569486
12015560,0.6115036225804643
13056079,1.3673668893934379
11101590,0.6735754843273449
11039245,0.2751682372863247
12019186,0.5751434156330982
14027356,0.44070910851924955
13058245,1.5451529329227969
13049570,0.8435300154752063
13024765,0.577770387660405
13032747,1.0477943478369394
13018541,1.490168140550008
12003550,1.0289866549317352
12027507,0.8064309677099323
13010561,1.1283425717145277
11032157,0.18019804450448787
11051004,0.5215320002945202
12003986,1.0344792887462313
11021749,1.4210525661773266
13051207,0.48955493095774794
11026460,0.6540327534546185
13003821,0.7483332629580316
11052315,0.837431108399321
13040189,0.41642255068434836
11051619,0.46568977809814366
13059429,1.0539012539116654
12005453,0.7596758041822249
12020726,0.422894461372812
13063409,0.2817977148221457
13042383,0.7701352798991447
14034694,0.7971567966608158
12020404,0.762547533451799
12024843,0.8246534223980118
12015154,0.7373159891607904
14028559,0.615894228155749
13042347,0.3590704008992501
14011956,0.9330928268315017
13058170,0.5564176658463913
13011794,0.8980438594712259
13048177,0.6800315207244013
11021303,0.2532587357318378
13025646,0.43846586412000477
14006211,0.5934266844777843
13010520,1.2506638485171304
14023283,0.93967975601274
14018224,0.6055177060636832
12011520,0.42887518872317826
11038979,0.7468488023691618
12029890,0.45675668621737997
12016312,0.273595825632136
14033265,0.4679787217978384
12005203,0.5622566052363288
11002200,0.2671986308168656
12016351,0.8003165086413502
14034206,1.018492876539616
13040878,1.275705609759132
13025520,0.8564925596683357
13041636,0.44659817438042826
12019233,0.47622720048646744
11047477,1.3566587307099467
13012404,0.8116795012926267
13059322,0.6338353066164609
14013732,0.9738517262335387
14001836,0.609358038867553
13010765,1.1027687693342763
14016642,0.7292357291107869
13020598,0.3110870104536489
12024340,0.5242829248540809
12003490,0.5143912476229547
13041589,1.1206672445284196
14011077,0.6386437733234737
11051906,0.5092484186372506
14100569,0.8924058401932422
14028497,1.2928047111646082
14028048,0.7217207496330923
12008170,0.5102441013931133
13047725,0.2253527993025691
12012414,0.9710858538175552
11046499,0.6171342370784979
12004116,0.7982135657709125
14022382,0.677773603065434
12024253,1.4166904549338069
12007934,0.7773970245851227
13063321,0.5596342684965196
13020524,1.2333424614822293
13026042,0.9517346206014865
11026861,0.981904214452368
13033547,0.6222228368888248
14005496,0.4125166960092697
12009337,0.3506791308015917
12009314,1.080917938957605
13043565,0.20910770944629214
13034634,1.0967123204029876
11040794,0.6402668625635173
12024004,0.9918730435931606
11051273,1.080917938957605
12023331,0.45309829919711425
14021930,0.46647741157528266
13032193,0.1191395975297621
14013785,0.48417397221136355
13035249,1.0286648867458665
12011561,1.2879739579576128
12016407,0.71659420673472
13010539,0.9889637239474439
11032667,1.2472497823284199
13033205,0.4907548532886341
14012216,0.4263096782967338
12020903,0.8422136118827053
11045907,0.8924058401932422
13003863,0.7344444250449161
13041633,0.7169794974022445
14016774,0.6676859620055607
14017658,0.7387192826311428
14021938,0.5233809103864575
13057447,0.5216938970673198
13027375,1.2017592034397668
13051176,1.0685781778746941
11045723,0.7794145734638889
13101020,0.7908264166506367
12101421,1.080917938957605
13058241,0.5216231723817892
13027930,0.3754406568566652
12005326,1.2747009190202228
13043083,0.8061707630805705
11037849,0.5126659604042687
13018986,1.4850299976155543
12003740,0.6902773784904374
13009817,0.42038994420609144
13036568,1.2648452984380343
12019983,1.1589871738126585
13025410,0.5026197099141869
14039983,0.46123834972225985
13042412,1.080917938957605
11032508,0.7831861667047568
12012065,0.9004548097887483
13063490,0.3771581832967194
14024221,0.24302615761643148
13010991,1.085739816758919
11051456,0.8798479916271356
11020672,0.7645127031070633
14100566,0.5729562223238793
13055074,1.1695113750474793
12017092,1.122268372149832
12024409,1.344247718465689
12020984,0.5731545498606432
13058800,0.5612085123783898
14034152,0.43326200049060665
13010107,1.2136744627246632
14012143,0.640152567976053
12012170,0.6845468077659266
12005063,0.9962380433123663
11021284,0.7554015801526903
11039610,0.681136935094541
11040153,1.5608205009738159
11045655,0.7870814088756837
13050238,0.1818632143915587
13017849,0.11810206007418161
13009718,0.5843957177144209
13019294,0.787159356085416
13018673,0.5154214605867856
12021367,0.7965081832294307
12015681,0.6194207031776157
13059430,1.1516392881015085
12012425,1.2144000397670098
11026246,1.3194845117837828
13003612,0.5296934198772182
11013638,0.987216734273621
11031881,0.6297084173809683
11007598,0.7122930374925756
12012218,0.7222687658434488
13033207,0.3756231404878647
12008715,1.290684869708471
13059362,0.3115438652568057
11032332,0.9437263632178228
13050287,1.0501576122788137
12004417,0.33571829061474245
12020728,1.080917938957605
13058822,0.5344995802128722
11034074,0.790003652287938
13003141,0.9289697093017882
11027545,0.6574942504396863
11047036,0.16712885059579088
12016993,0.4227119987001793
13003874,0.5390965705547014
12012167,1.080917938957605
14022769,0.5154119963157647
14006545,0.45337050894964126
13042722,1.080917938957605
12029182,0.4276828994542643
12020346,0.528049801923154
12024459,1.5126304408405538
12012031,0.789147178162631
14012864,0.5360149550019676
12019627,1.1662148321127321
13018616,0.4534438727046851
12021344,1.2028684665635867
13010509,0.686223830737034
13101170,1.0237761081123395
12016224,0.6510168583952145
12010897,1.2635904730331984
12019476,0.5613557356198431
12009152,0.7405194361499832
11040071,0.5781803632594956
14100329,0.6120449347303043
14028097,0.5234484397911662
13033517,0.3790223693274572
13063753,0.46070813793303783
13004372,1.3749686496568907
12027512,1.1420090300184174
12101131,1.2017259439228236
14039520,0.9879129636245009
13063099,1.0187678791117045
14006168,0.9728353968582024
13063594,0.5018949049501669
13033927,0.742929554699085
11050699,1.108759053523935
11052102,0.4320608780601131
13012401,1.123933752099954
11026682,0.5370172077343246
14100307,0.5691814539773571
11031998,0.7767368924422916
13019070,0.5650799013041092
14016819,0.6357699747303939
14017053,1.4346835708587748
13055236,0.5397375541180685
13019090,1.4599898041115555
12024189,0.13310070622360642
12007868,0.42066708992129387
14022599,0.7543657880856609
13050489,0.5453138211157607
13025471,0.22813195842153192
14007118,0.4013981127198335
13003096,0.6808510150176533
12016968,0.3143935123669512
12008562,0.8120338774313937
12012205,1.4292885739706696
12024956,1.080917938957605
12011463,0.7348770127984053
13043396,0.9156149318579916
13033209,1.2316096278078708
14033011,1.1788334675882313
11034314,0.8924058401932422
14006783,1.413177473216973
13040217,1.0612520886917842
11027767,0.8924058401932422
13003731,1.197701709910656
13019463,0.6122433437425813
12016659,1.0579200494612118
11046444,1.1751195119406699
13026561,0.6259009543586408
12008005,0.9157375705077216
13063584,0.22936934651270444
11030927,0.7327065294986576
13012099,0.40419946103166254
11044540,0.5137314254833495
14028101,0.7024460291556566
13012362,1.5378569643950633
11026038,1.0870863055548705
11051146,0.6426037308965995
11052435,1.087128898655104
13064457,0.5621277325199084
12028801,1.028076201511642
13003362,0.5047302344364789
12024822,0.3307358894680489
11013240,1.1994637290243475
12020928,0.8538097782430459
14016435,1.1269482428442268
13058168,0.8924058401932422
13049357,0.6278150265564554
11007845,0.4235017046426174
13012347,0.6853817604166544
12007512,0.8656674736349464
11032123,0.27618041263303394
11025663,0.9195273259727327
13058748,0.6225044184540331
14100108,0.7170724960195568
11027927,0.5832616788515985
12027520,1.2513712450467702
13043501,0.3327577650122572
12025220,1.080917938957605
11047092,0.7141073069792007
13027485,0.5845783460121696
13012000,1.1921940855665252
11028086,0.7216931277182677
12020913,1.080917938957605
11052466,0.9970400452525819
12016880,1.4885542010059263
12101293,1.080917938957605
13043507,0.9128774825051696
13036564,0.8951009252898662
12027454,0.2724106494246939
11051934,0.4874340510562998
13042715,0.20700853388510598
14033660,1.0496929064847937
13057521,1.2820597315640951
12025039,1.2711421280334345
11040763,1.223059714887951
12008464,1.1656234080738073
13025833,1.2751523696303921
12011955,0.6349638334004911
13027427,1.1529224846521717
13027281,0.8569318186461915
13056628,0.5897745888130492
11052576,0.49484453729028954
12020425,0.2640020384178828
11100374,1.3314422425031363
11037816,0.7706364805893119
12023914,1.001104758053978
13051183,1.4079691263532017
13058297,1.17858668289881
11052294,1.3444661680525696
13033104,0.775596598169409
11008329,0.7475645655151818
11021773,0.7649775771795617
13050474,0.8986519605652975
11012985,0.4904117346247124
14007682,1.1714889147451204
13051869,0.3437609063002155
13041554,0.43403545005675864
12025417,0.700365544500599
11020482,1.2120395554786694
12010920,1.2263546494934996
14027566,0.5626832341819079
11039881,0.7953158652571785
13043718,1.6399890109592197
13033035,0.7377187086267679
13012392,0.5384086916299008
13021141,0.8706342522235392
11044664,1.149856403146017
13056822,0.6606841213046556
13049178,0.5915483349751582
13050352,0.5296336548467203
11038571,0.9611887386048661
14012838,0.4779444374677801
14018310,0.5542166169672298
13025674,0.7961994793589711
12003927,0.7524795218865188
14023705,0.8528539784817075
11026348,0.7597186316448165
12007906,0.4516527590153628
13010404,0.5878773897478925
13003595,0.5889002737789113
11021771,0.49691028066841947
12021446,0.8830429021913072
12008622,1.080917938957605
14017529,0.8200320753075431
12012313,0.6961797437331662
11013893,0.4287977954338069
13050886,1.5381089005164275
12011483,0.464797915766122
11022326,1.0528745187978805
12021357,1.2713935472728868
13049885,0.5588034248641758
14012084,1.0996253151312754
11028367,0.5231580891279898
14021422,0.42881304962859074
12004864,1.3567635964842266
14016679,0.6147740472577129
12019248,0.7161180775981111
13043720,0.11361282725439854
13033093,0.767027706445457
14007156,0.5495164146133457
13025995,1.1681246583785474
14100268,0.7861018673030484
14028513,0.17756596423011786
13027630,1.1432149148470403
13041591,0.45335355085149787
12011927,1.2627375121994735
12016524,1.514061239099868
12008515,0.5253628123794549
13040789,1.2135454881902554
13043535,1.0975385503813837
12004848,0.46139584584521665
14012388,0.7827721831411789
13025443,1.080917938957605
13051218,0.5086770035282616
11034385,0.4484442717046676
12029293,0.9925259099981042
11038526,0.6619600622662226
12028425,0.5009513616794072
14023101,0.7580653604851758
11037962,1.080917938957605
13019123,0.23829518902948052
13064852,0.6078732373139223
13055266,0.5195573907977914
13048210,0.9831309688455353
13040136,0.4553813253012931
11046480,1.0834547781467065
14007392,1.2382993547196446
13004268,0.7626648068391166
13010919,0.7920888963491324
12025577,0.7246075615743022
12015980,1.4834007221351726
12020493,1.5466048039909939
13033177,0.7538982554501644
12003894,0.38156349553434643
13034516,0.6457173076618714
12027331,1.2153907224229374
13032433,0.1841856808319476
13048303,0.835653698379911
14027864,0.2681021557571904
14027414,0.511091229339392
13018527,0.346058583228505
12021033,1.2083700109067153
13034655,0.8677002885074969
14017027,0.3028535338815133
11044311,0.7768639037779522
13041658,0.5441447619183887
12012297,0.5711445366800553
13051197,0.12027066720645815
12023343,0.8100179322352676
12012439,1.0630082368419844
14017438,1.405108955321113
11027000,0.732468940391033
13017974,0.6843511997841513
13064888,0.5274404817069245
13011931,1.3538756153931053
12025287,0.5758593266683362
14022420,1.0687268213938608
14027309,0.6926966940787076
12009206,0.8726498783630248
12012333,0.5920334796826205
12016585,0.9579753384211089
13027743,0.629120146487296
13050930,1.010275649697535
12024014,1.2167040033026457
13049853,0.8718419568980168
13009613,0.1412848979747041
13043393,1.0261690907539254
11020232,0.5539464516858966
11052077,0.49199074650437
13050348,0.7318713768122381
13018388,0.19532419385850977
11051794,1.0561541244252985
13025574,1.4492272646681947
12024912,1.0771515400607712
13010525,0.5774578124672932
11045551,0.4463631152437758
13064634,0.9368732343667068
11025850,1.4463079466298474
13057425,0.4381309587706522
12027607,0.9951198571850544
13027082,0.38419819573633934
12028272,0.4008740078245098
14022946,1.0869998317675238
13056850,0.39251396384742543
13049221,1.4508768308975581
11044658,1.2517725651914375
12008115,0.80818686990804
12008130,1.2279914028500203
13042944,0.5523003262274466
13024761,1.080917938957605
12023686,1.2548258271178612
13032333,0.8362359800245941
13011894,0.7539525735207545
11044961,0.5317908662894693
14017985,0.3311541650439322
13051222,0.33388630093119326
14012303,0.4782521172513552
12008181,0.26016121244204393
11020634,1.2252480422781122
14016667,0.8221093684993673
14016423,0.7763560018324057
11021283,1.1232432872825917
13011635,1.1115678455669282
14028042,1.341270921280461
11021110,0.81696430146042
12015853,0.9301239227733191
13027156,0.49533056508108064
14022288,1.1129353740728491
13058235,0.7712601343381074
13004049,0.703309323894513
12003564,0.5199443458405067
13019144,1.141701879520412
13063375,0.7664170248128711
13049076,0.7807539293537072
13009864,0.7173131729175956
13017980,1.1040722711364737
13042661,1.234845157359855
12011708,1.2618057166735464
11026188,0.6917065437328906
13057842,0.6237951713465504
11013278,0.7214380880385025
13010507,0.42836234702680104
13017307,1.250965481467859
13027296,0.7471769478488172
12024833,0.7569944853119265
14006214,0.7852322783757881
12027928,1.017854006127845
14022785,1.0529245700147372
13056845,0.7220944937748831
13040682,1.1121749348377
13003846,0.37253068604744805
12008111,0.8135841409464983
13003513,0.9402894252596752
12028158,0.5426651322506894
13035134,1.1115678455669282
14039519,0.6739031915214803
12024464,0.5285972553424472
12020174,1.553416756955054
12012387,1.4209009988301537
13064332,0.8346081399134875
12024995,1.1115678455669282
11039110,0.4439608122408961
13100787,0.7483035898652497
12013237,0.3561102780930735
12024904,0.5191980218652925
11027535,0.6155815307470993
11046506,0.8023154371628972
12019628,0.5191647468737085
13033182,0.39561265812756347
14007001,0.43985417195905685
14026940,0.7038754918126947
13058803,0.5806822748059645
12024976,0.14565933253869584
12017440,0.7259963267860607
13026192,0.15596206155360803
14012385,0.5320477446631429
12012284,1.2780818452327538
13019526,0.5723896863706657
14007136,0.5096579209465404
11033307,0.5931677025150304
14016850,0.5712919750666997
12015891,0.9901573255115329
13049168,0.6440942214926912
13003784,0.15654753819362616
13058226,0.5575438817597198
12000814,0.19616278530072967
12019661,0.6761517699419943
11019779,0.7131194403290535
11014209,0.4587108428178696
11033162,0.4777783645618133
14029284,1.322037478447116
13051086,1.2487754129910797
11021620,1.0751983851259088
14005521,0.7358086328444792
13100318,0.710181745437756
12004760,1.0610215192175252
14038835,0.5361866491238536
11045244,0.5674183801430532
11033276,1.1685996955026274
12004204,0.7682456041342061
13017237,1.1026695596741398
11047551,1.0766479777105906
11044639,0.4309479848677347
13063488,0.5682437475543191
12028454,0.8619628358573624
12100569,1.4683489617050274
11045834,0.48038027149168017
13041503,0.5292615837633113
13048559,0.6531507772559901
12027874,1.6305131191988433
12023345,0.9559645926298301
12009697,0.5090283116444828
14016841,1.150704861157146
13058154,0.5643186458046725
13057694,1.1539059390661601
14033797,0.5041566617129111
14029798,1.080917938957605
13033596,1.3536025023978824
12100924,0.5913822647538111
13027980,1.015770574630274
13033248,1.1756697612648508
13036010,0.861714375146175
13026082,0.49884261750291564
13043497,1.1168870117870804
12017078,1.3596744971390347
12028431,0.7138991520336626
11025709,0.2974796337178383
14039805,0.5550287769627175
12020416,0.72906768180824
14022337,1.0035127593987512
11051996,0.8196560945780037
12023646,1.3632047927432835
12020031,0.9174462658889397
14022270,0.6910269375101643
12007776,1.6263958086992498
13027290,1.0230508137105934
12012349,0.1985359386359633
11033176,0.4551715956663933
12018980,0.6046581308217657
13033754,0.7557591271158913
12019873,1.2143422512693296
12024114,0.6008295691669586
11020707,0.6993557957649481
11040154,0.9814100180941765
11045402,0.5164613736770255
13005268,0.3705159055809794
13024653,0.17728450969043097
11038670,1.0275631080371244
12015594,0.5160626285226315
13064310,1.2091741018028959
13043733,0.9799940663358969
12007529,1.1894595860478696
12027875,0.4722948330167393
13017993,0.26377811046846394
11033173,0.9896459504051183
14023564,0.6098664098987604
12021205,0.549995516503563
11038304,0.7079537196310756
12025291,0.7387971010567606
13035532,0.5699938063100775
13058547,0.6048986684726406
11020104,1.1328010569246287
12028348,1.2431468628364095
12019517,1.150857548958415
14023046,0.5575439168918939
11025640,0.6228487497254114
12024199,0.7811664187496564
12023514,0.835414084694451
11046423,0.3879235283479298
13025807,1.207556721939814
13047911,0.2647145087850335
11043820,1.043084207927573
13004520,1.029143486779637
12020476,0.7385146184050558
11044247,1.080917938957605
13040852,0.4983914722155284
14008400,0.42052242730499234
14012268,0.8924058401932422
12027970,0.9255939384154483
11041385,0.5840012523570787
14039902,0.5116874924772072
13013001,0.948062462620568
13025974,1.1618474754116186
11041195,0.2833189573010905
12015657,1.1115678455669282
11013340,1.0595979126534387
12004444,0.9103318847506974
13013014,1.2247134308373993
14028557,0.6392069429767918
14029014,0.49923614758440116
13056635,0.42419209647677936
14101280,0.47543676476034896
11026463,0.20649609467958066
13064306,0.876611103530791
13027677,1.0918323523563271
14033803,0.695044534877909
12020008,0.8969030958369175
13035877,0.8848902489436481
14002600,1.009702063346911
12020896,0.7496955466776886
12016650,1.1208743191141322
13026201,0.541220066015657
14039133,0.9458065482270022
14012604,1.0804594221452526
13009559,1.296074397129396
12017117,0.5522465210792376
12013428,1.074260790342196
14018960,0.6231910436137644
14100336,1.108153306398529
13017614,1.093469091704748
13017300,0.6581324837941097
12016754,0.30101817400362413
13058483,0.8293642138074571
13059312,0.46415567970764404
12004233,1.0145901283100076
14012706,0.9933372039971876
11033781,0.4771918426162309
12011899,0.45258980193455767
14011789,0.5690684106786227
13033123,0.4108924945263015
12007448,1.0443506980545947
12003610,0.6445282578287109
12029109,0.5801128929701558
14012371,0.6250159450758139
11020784,1.1855143490208953
13058191,0.5946312727418273
12012526,0.5796429198387233
12024607,1.0024660797833076
13036012,0.33690242026864664
13027149,0.9595327176477021
13009268,1.5654325128603308
14002078,0.6883754031823673
12004801,0.3412766031203781
12019547,0.3060991926364071
14013559,0.312818141243096
11013234,1.2130748760655519
11044623,1.0143007429017017
12020737,0.29026018673038384
14016962,0.48948916204690884
14027610,0.2883651385637395
12028966,1.0160443765883014
13055063,0.4688551426244518
13028641,0.23105468201038878
12028702,0.5618445581163029
11012894,1.080917938957605
13027468,0.7742415681432938
11022133,1.2961211733216078
12024210,1.0926314756944109
12008531,0.9366021882316374
13051127,0.2996223016107154
14028890,1.1890281471203472
13042280,0.6680148224149484
13039912,1.477569179049351
12019772,0.9012355855089995
12027967,1.4041660763039077
11021407,0.265542787494691
11007865,0.626804650403277
13033198,0.5230686921663532
11027915,1.1870974745351484
11013688,0.6047258950233615
13043608,0.6708604130240309
12007820,0.9506777226388565
14022856,0.3463247429896217
11101318,0.6206025160745346
12021110,0.7820143866408994
12020708,0.6713852813028109
13063423,0.7412882212547659
13042258,0.3849590236336274
12025565,0.7634234516543735
11032447,0.7924318544209226
14012868,0.6024691312509424
11026732,0.5173081039076608
12007258,0.5506442322619605
13035629,1.426825219338524
12021032,0.17570176844415528
12015731,1.0219475170021899
14016930,0.6627393670288524
12024611,1.127066698078261
13048610,1.0474482378396202
12011816,0.9847619568184995
13012994,0.7817425338528038
13024715,0.7340832669219579
12004068,0.9748915739278785
12024293,0.5961544701806875
12029338,1.2449237526868628
12028550,0.41454833034584176
12027423,0.956932080208879
12020811,1.1115678455669282
13018111,0.8564826082208508
13004323,0.2164906223475036
14011850,0.34339477280064723
11007308,0.512786384317486
11033342,0.818370620774266
13056112,0.7671981012302896
13040948,0.8480161358940976
11039792,0.8924058401932422
13017221,0.4839617304026885
12025645,0.9180230670150947
13017915,1.1992325487164128
13004072,1.239706338049221
11044584,0.4399884801930723
13032340,1.0041294683903703
13025323,1.2103698935374343
13016818,0.7071300709739522
12028193,1.2160342918124594
13032654,1.1101406636254372
12024672,0.8262827839066886
14005902,0.5900972929326177
11044655,0.7891237998346287
11027553,0.5224766024118088
13003010,0.5925410100056657
12008336,1.056785569559655
13056091,0.7132496426640615
12020434,0.7561895343020439
12019731,1.450825395792397
11052570,1.038894470906636
12016427,0.7185137067036416
12024147,0.9924540735065125
11051509,1.2244109663089775
13044265,0.5511712393142644
11046197,0.7007290787910484
13025881,1.4073407310691246
12027518,0.9055754004915866
13057569,0.24857426273067698
12024728,1.2112341489252638
13056826,0.6829334156142786
13031982,1.2572900705769885
12012249,0.7336553379877476
13049555,1.192663238971124
14012815,0.8924058401932422
13049796,0.388197948168362
12021468,0.9144952287446813
12008878,0.9541683676836786
11014542,0.7448364793452581
13048525,0.377500638614116
11101139,1.113568109403475
13040107,0.9865624266372766
11033345,0.7152272233540949
13020996,0.22955808260712204
13002716,0.8238809260920772
13043478,1.5325685928066086
11039536,0.14294057028476104
12004292,1.0267182600947067
11044897,1.4193721717702055
11044878,0.8383156366719845
13005316,0.35621289753715313
14017491,0.9929601088873012
12015625,0.5140110701352583
11101335,0.465748693537493
12015482,0.5340677190703609
11045108,0.7624055632808752
13020261,0.36246178581006744
14039648,0.9222272771241649
14005779,0.8924058401932422
11051521,1.1810971252441662
11028276,1.2036381456449974
13040848,1.406355416911444
14006194,0.9046754344132342
12023246,0.696477398058096
11039124,0.5240485448563615
12028924,1.4756225909518783
12016665,0.4439364086903217
11045167,0.36261171027215816
13012219,0.773451510087812
12025403,0.9308314473039242
13028136,0.5220154391027867
13035737,0.6111279834449691
12017430,0.880715993844889
13101448,0.8191969529107113
14016820,0.7414182674252718
11018918,1.086142474249678
11046500,0.7030328676280898
11039108,0.36250791587556846
12032006,1.080917938957605
12008243,0.760726020582519
12008309,0.980040091525197
12012355,0.6532552419011906
13016879,0.8042345847113204
13004683,1.081599698260227
13016171,0.9008650042924322
13004889,1.0456004684534184
13023777,0.6969576385313371
13035195,0.5684168593008135
14013661,0.4765279138769419
11014676,0.6464297781929255
13004316,0.7294837520922189
12008155,0.8085967275768463
13028068,0.5373760467121373
13058479,0.7929723663555021
11051461,0.351141688286816
12023871,0.8925460428815755
13011101,1.3086686199800892
14013325,0.8712212009802458
11041170,0.3596019771635752
13027839,0.5730256765370932
14016702,1.080917938957605
12020004,0.5411467161062035
14012738,0.9579066086886255
13042259,0.7133031195575853
13004260,0.9411085089323575
12016962,0.5111881055875132
14006543,1.2322761301498772
12019671,0.7285229644539534
11013287,0.5836787752061104
13027348,0.7430430211149452
11052779,1.0579632612880092
12029480,0.8012537274465366
11047606,0.5855036667027701
13017068,1.1835673596739584
12016325,0.7227612288839663
12020169,1.2319030367776114
12100548,0.7417763793070029
12013181,1.019301777096133
12019883,0.4953293786558645
13028434,0.5561731961920522
13011737,0.6203944980018781
12008988,0.9454373918691434
13033932,0.5240050904067955
12023772,0.8924058401932422
11038552,0.48613955123761393
11019182,0.7193490876985015
13049214,1.4178299370241263
11015320,0.5279615085939399
13003564,0.7821900192390877
13025483,0.3828622427659913
14018860,1.152092460545276
12003757,1.157682116952796
11038492,0.8762400784197816
13035199,0.7446637029713934
13010400,1.0364248704108734
11027446,0.6707885588776851
12020710,0.49921023528471425
13018665,1.196622851438453
13048455,0.30446695827124554
12015816,0.7998000739369634
12004370,0.5316607387510643
12019868,1.503166709817954
14019049,1.147628972296652
13049286,1.080917938957605
14022939,0.4793612818458449
14017044,0.9157073926464402
11044557,1.3381106966514702
13017836,0.34674347469418654
14017913,0.5703645092363826
12025170,1.1115560864292753
12013224,0.7568280196412439
11002256,0.3434751487905227
12028190,0.6952279060824712
13018045,0.2310217410477099
11033330,0.5743706374874612
11032253,0.6291619779602649
13003319,0.9678973245988712
13026169,1.2782014491288076
13025387,0.9897511133995839
12003862,0.39992629413510017
13035978,0.7345246684583193
12012146,0.35197427577155393
13024482,0.7253928012589423
12016984,1.5397456451756006
11038319,0.7314463057779134
12027794,0.5879080897196315
14016629,0.634055590433311
13101154,1.2644517122681183
11019461,0.9552888487828077
13003852,0.7583514947416092
11046694,0.5642521764022839
12013180,0.5802825445297746
11002247,0.43282680732890955
12007831,1.0293575131677617
13048411,0.3635660777336487
13009896,1.1945743696807556
13032450,1.2062728013288224
13004302,0.46850019390051806
11046772,0.8745699032868184
12009674,0.7754293119096651
11052009,0.5072918934362468
11026433,0.5595559413772286
14006209,0.832658241371815
12017276,0.7284516263094029
11025275,0.5133022519871473
13012221,0.4760728211912463
13003214,0.7374540769803596
12024053,0.6974853482695339
13012391,1.0388958798681853
13035231,0.7292824004445111
13056668,0.2576457397698807
12007565,0.2514875104933379
12021352,1.7711980857211926
12023698,0.7221356626844837
14017213,1.2104112574229038
11046438,0.8431456636233382
11026991,0.5427645075608379
11040123,1.2297561569091457
12020315,0.4258512508286092
12028114,0.3915248303536044
13035147,0.5369104638047464
11052027,0.11281201828726305
12011573,0.9142374064144756
14028512,0.7394962386853977
14012020,1.3962126011184808
12016720,0.3608883515529234
11047439,0.6076120353505788
13016659,1.080917938957605
11007277,1.1738123572190056
13004688,0.5153586194322887
13033029,1.1515924534205346
11037958,1.1115678455669282
14029315,0.5210259005631261
11046498,0.7809376136090216
13048540,0.5752225232894795
14038842,0.6461302569531511
11044199,1.2967633483128809
12028980,0.5269341217959731
14028762,0.259912087942233
11045441,0.7662814228446028
11052943,1.055267819923538
13010510,0.8134180865190809
11047464,1.2242502601631344
14017696,1.080917938957605
13011603,0.2694272335149384
13018886,1.1372678456969985
12019660,0.47013376898960313
12016505,0.7072430175320515
13056832,0.22311324390098208
12021078,1.109050973533076
11021804,1.2664739263088987
12019194,0.5406151455608336
13035073,1.081386667973034
13010836,0.7601541578330148
13017846,1.2382992950846359
11027370,0.8225311682432576
12019600,0.5001447236434559
11038945,0.7521097975675263
13049828,0.5276634129612643
11014868,0.7512233713464413
12019943,0.5314292087421145
12011415,0.2992207264498566
14012779,0.41841192055191767
14012340,0.37437001837275297
12011427,0.8465357529664264
12017269,0.7344722784441688
11020047,1.080917938957605
13023984,0.5240603866249649
13026378,0.8836763565164276
14016592,0.47396429864641126
12008761,0.810896357819329
13005014,1.2646862205636382
13009961,0.11324868476262369
13012272,0.2795071520973162
14022816,0.9041253919710406
14016791,0.3498790388631566
14012905,1.080917938957605
11002281,0.7499393338299675
13028041,1.21980377577928
13049068,1.1991396030972439
13101675,1.080917938957605
12028618,0.7474351983567727
12015800,1.2420276746920245
11026207,1.0856993909809862
14013253,0.5147482734917066
12004505,1.1117989080388138
13100704,0.728199047899297
14023328,0.4042529823885482
13005464,1.2358347070647404
12013467,0.26085960438308387
11025306,0.3401779683958844
11014809,0.5324583198723338
12004781,1.4423593708810345
12028593,0.8069723791260375
14022460,0.28143689508145653
12015620,0.6841123298395128
11013065,0.4663050560403348
12001180,1.080917938957605
13059404,1.395589022772191
12012441,0.3020437489688009
14039366,0.44108052300321854
13004318,1.3142941424384884
12015942,0.7962345348688455
12004706,1.2284597469436183
13019114,1.104876567287209
13049728,0.6955105750613791
11101416,1.339215399926338
12011506,0.48387864221323357
12025133,0.4034579916976834
13025446,1.0101805309380216
12017303,1.0204605812391097
13032684,1.1755958944312193
13057544,0.7518810113610135
14013260,1.1802782487193086
12012019,0.2312696604266495
11038518,0.9874910007753357
14008397,0.594079879601999
13017002,0.8662264461575316
11101425,0.478226377584735
13012830,0.6081931400669296
13034454,0.9760323481123813
13026030,0.5354715206490611
13010928,0.5452743888471167
14013086,0.41507186055083783
12009233,0.8051629967813156
13032390,0.3917977488649948
13055472,0.5998385276316487
11025784,0.5095544406560394
13040527,0.5255616022888095
14101234,1.22345366030397
12017060,0.5367124135165595
12011817,0.12956249729560607
12016986,0.8397439871406757
11037854,0.26538700043742913
11027740,1.3021503464414672
13019736,0.5880378559531803
13036053,0.8924058401932422
14017081,0.7342369599658138
12016667,0.9144831555124951
13018004,0.7607046560592418
12024255,0.5301714674687688
11044281,1.499336036293863
13041499,0.6032364523263751
12028389,0.5626855544713568
13028116,0.46362079397486045
13063186,0.18570821570698948
12027978,0.5490191047360653
11033744,1.1506785073768284
12019181,0.8047345986449324
13016893,0.8815179458433329
11039428,0.5542564039580481
14028673,1.2551809999226193
11033836,0.6982423001130644
12007162,0.7927156833242638
13004538,1.2196685015481035
11052399,1.2307736658392292
12028439,0.8380641101042321
11045847,0.18928071326981843
13041296,1.118004676949306
12004410,0.5479572104501833
13003309,0.6840230042563612
12004138,0.8376523099661243
13004232,1.1316608429225778
13034869,1.2369850023482682
14018972,0.5284264952731563
13003265,0.576268193841663
12028507,1.080917938957605
13051868,0.20682795626532993
13040149,0.9204336267340673
11020349,1.1062699631927502
14022302,0.8924058401932422
11020226,0.7393835452044422
13034773,1.2330946108062792
13003421,1.1453817118962404
12012116,1.3032492809688871
12027371,1.1202337440179573
14028115,0.466506777118076
12027504,1.206903671917487
11007824,1.2428661369401437
13009969,1.1480839797503386
13017390,0.506721507707286
13004649,1.3465745820997153
13051253,0.45474813781301665
12020388,0.5778697582364541
12012807,0.8673812904798005
12023629,1.2389866818271296
12011861,0.8057529112616247
13017931,0.5218900135457529
11047030,0.38368005475487504
12007439,0.5425214341710156
13011654,0.6535922554373644
13042851,0.9635436120991504
12012390,1.0294948148491982
11100937,0.4296600873119177
12004787,0.2630018931723866
13025787,1.2011607078426345
13004659,0.7879764847401066
13034041,0.9492759681260924
13016570,1.2586652932814362
11051650,0.285633701149921
11013758,1.2554611998488747
13040208,1.080917938957605
11047076,0.5777010713560549
12100200,1.1210550647511097
14022925,0.528989047038797
13010941,1.2744705846882325
11046747,0.5079229989350004
14012600,1.0666131360957776
13019907,0.6468679909536807
13033821,0.5174607521383685
13010291,0.7128745403090585
13036186,0.6603027112960974
12019361,0.7105139424987961
13032792,0.37012101973922723
13009715,0.7468302854200684
14018472,1.080917938957605
14018168,1.080917938957605
12012159,0.539236694444599
14028287,0.9949025794284633
12024380,0.7951093221143484
12025584,0.6313390615649734
12007972,1.1383835171316639
14039131,1.2056694985274692
13043666,0.7950294929491529
11045099,0.8126302001530789
12024773,0.255224625888644
13020600,0.23326088143319598
13063674,0.47714625135349736
12008898,0.9415971589886883
14022408,0.5788850440925404
13031558,0.5060695258193462
14034462,0.1820504647253542
14023137,1.3590051134088794
11038482,0.8185804365934595
13020615,0.5912671345565031
13064855,0.34342728436488
12028324,0.5166336084107952
11025407,0.6269418857539115
14006539,0.2947516812146667
14018805,0.7466377372695394
12008597,0.8920993249721547
12011729,0.8158028630969718
12020116,0.4472979688614989
13051113,0.7748640855110096
12004792,0.35539941993473584
13041768,0.8747495913189143
14010726,0.6287343543022496
13033964,0.545333480545011
13002732,0.8947450161339805
13035234,1.1494691012606608
13025280,0.6001301488714416
11052685,0.576527452100033
11045988,0.46304777240476047
12007856,0.5518301841054195
11100610,1.2812569409758847
11052331,1.147992572335779
13024718,0.42307429281787134
13021229,0.635860904548479
11045681,0.791058353332007
13058812,1.170908136893951
11052012,0.36438580606405024
11047600,0.5059365076856518
12029432,1.2455093756589015
13064340,0.47340744575143323
13004913,0.730855268393761
14023510,0.5709614126278153
14017531,0.5031689844840458
12023689,1.2612609489109883
11041001,1.2514483379008772
13012411,1.6943454407502394
13033662,0.7361095585064645
11046415,0.5633159954379219
13010240,0.5542175933020147
12025476,1.5387220079505894
12029209,0.3494210684001013
13048606,0.5131009290850017
13040870,0.22410991746637057
13017965,1.520948269207057
14022864,0.7949169929798442
13051825,0.3121320271907186
11052494,0.5102784121922714
14017817,0.358929495520317
12013082,0.19002392103206775
14024658,1.1762477311391573
13040903,0.7000047045014574
12019697,0.27525003859734226
14023783,0.9692259022084867
11032026,0.8821261792190357
12027910,0.6840288369257286
13004189,0.5248172880065457
13027498,0.5317729499446817
12101297,1.5024366004836331
11037515,0.8102203418251649
14024599,0.5833581446971026
14033814,0.21394821469658026
14022393,0.1954278053423457
14028929,0.8193739072200317
13041561,0.3116719432105498
14034263,0.4818461151053709
13024721,1.0167968968804124
13050576,0.7547420273522779
11014257,0.7666141285122539
13026132,1.2129137784880188
12024815,0.22410740830281128
12028086,0.24537542422585887
12025023,1.0800208771532795
11100983,0.9233304001684434
12025510,1.1512177333406812
12003455,1.0489735774089217
13051052,0.28388074375626454
11052023,0.1948702309752413
14100565,1.9418062513947572
14008656,0.521297294844235
12024834,1.0277864838335704
12012821,0.34394600514828666
13018524,1.2584423260866417
13026110,0.6043181996654551
12020663,0.7332378107031652
11020203,0.5869582295423097
12020767,0.4308618869368635
14016944,0.9500786258666998
12005363,0.6280301721840463
14013191,1.1169174752994784
12015914,1.0257692852994575
13041175,0.5512294878992137
11052420,0.5377901369617729
14012742,0.4035835799094928
12005148,0.3752396287025524
13032138,1.3694286728321605
14006203,0.5969973261190035
13033959,1.1127954363729977
13017695,1.4457635342773167
11021726,0.8126168818225646
13009856,1.268616729673942
12011342,1.0749777832964245
11101610,0.8924058401932422
13101627,0.9858340258865956
11040838,0.7814952061352336
14016585,0.6323885762031743
12028791,1.3081859695939713
12027936,1.0480261500588395
14022225,0.48745925698994264
12020354,0.6737588902406413
12023196,0.45429699137027113
14028430,0.8966039142926437
13101043,0.3645093374119432
13055903,0.6907170722296815
11101259,0.9141930376062237
13034969,0.5350842477205363
13026857,0.5267480256321002
13044235,0.355470661409284
13010303,0.7026880957113378
13025915,0.8547649939623871
13024676,0.5154649821042271
13017301,0.6955860813391627
13016602,0.5034968338708625
13049864,1.1789731203370537
13027932,1.119795056289498
13035238,0.5420574159337749
13016972,1.1115678455669282
12009144,0.9804984430897957
13010860,1.3425217268324219
14034280,0.565965453972855
11033862,0.6036621312980373
12019429,0.7524322295581763
11041126,0.7576557409538195
11051594,0.9685582395144269
13026202,0.4795007484955177
11034319,1.1816883815097627
13063112,0.7721669485417274
12012501,0.24633565324014545
13033121,0.7704614068173486
11033297,0.5599384416095172
12008269,0.37310872846544785
11047003,0.7544907104288433
13049222,1.0746039125603173
13057760,0.46984740003825454
13003411,1.2018555419130341
13063194,0.4442449547680106
13064274,0.8706030204287201
12025187,1.0833147815451547
12015920,0.5002966417720442
14101252,0.8924058401932422
11026350,0.5954565333418621
13012291,1.4187722879190883
13027528,0.6280746123818585
12009081,1.087914249545509
13027460,0.9812211676659479
12011836,0.9168156427126737
14039102,1.005148615540455
12011990,1.2295921077800267
12007749,1.142460562808581
12100748,1.490633261800886
13042237,1.0428329646443386
13056057,1.15888365565258
14100553,0.8924058401932422
12011621,1.1739182436196616
11013743,1.2561612586334723
11020659,0.8997821646453728
13027938,1.2023842435938399
13041525,0.9800954714222802
13024811,0.17876217813045633
11025822,0.5350107648400821
11014367,1.3899213435631743
12015812,0.7136645305696654
12004350,0.4754526429110824
13043729,0.8195616627438318
11044373,0.973972257167287
12007526,0.49688601136547095
11039469,1.5223697528246818
13017924,0.5834489169908327
12004646,0.48320971059075646
12011790,0.761340406506616
12009052,1.323769945797424
11045756,0.3576842556191026
11051300,0.6870646898820415
13010729,1.301519978024219
12021463,0.2444106254928144
11021238,0.8722566522054407
12023891,0.23308948847107247
11013961,0.8924058401932422
14027011,0.4150717574869293
12012361,1.3883922551107337
13024669,0.7512833783653668
13049862,1.080917938957605
13050552,0.44743702909744276
12029414,0.3787152853293837
11013649,0.8906677889670652
12019472,0.5804034327598353
12028754,0.9528938062086579
13017372,0.94469732268937
13033678,1.0915885719343899
14017963,1.2977031584826921
13011115,1.3336230395389037
11052334,0.5632739831950997
13003756,0.921396005778488
13018063,1.211583796400956
11044533,0.380254103374259
11034292,0.8868648994903094
14011303,1.291391512599662
14017795,0.6722590317237673
12025457,0.6596794811024004
13026019,1.5564846327124544
11034356,0.8327563948785952
13036129,1.3287962789865868
11025983,0.49221543745932306
13012356,0.49972714721995726
12029378,1.1535372724346311
13010675,1.4646901764793046
12032590,0.9419636349375393
13059462,0.4046126132669683
13101174,0.8924058401932422
12019954,0.6750560909425896
14023173,1.240844113024685
13036619,0.2487332501225212
12015592,1.080917938957605
14028619,0.883029964539629
12016904,1.4803528314160608
11006731,1.1214892762559965
13018296,0.3513791112432712
12028456,0.7335346082393781
12012106,1.4992127856621236
12019715,1.221280133460664
13055233,0.380875608098501
11026739,1.1979241738119282
12019921,0.6516043581111888
14034009,0.7552796795544328
12029343,0.5360830368334379
13050398,0.24117944005076813
13064865,0.6040521177840782
13033994,0.8924058401932422
12016959,0.3647028250214525
13056198,0.6265592941627453
13018120,0.7650177035222695
12021093,0.3075580297982004
12016198,0.5031303630632534
11033069,0.7739151661219418
13025741,0.7706865541499436
14011061,1.4152368379165121
14026759,0.5441838349936472
13004590,1.121287561170304
13011640,0.11579704878716385
11039092,0.5519354012886882
12019904,0.41718777344242336
13048612,1.3737411948593907
12028674,0.5181501705939812
13025131,0.7815500791007667
12005193,1.1114783660252852
12005173,0.6050432867564238
11033892,0.7068995110646014
12008211,0.8309323495555219
13003337,1.0515774060787564
11002207,0.5958802748089013
13019162,0.8071345445736183
13026181,0.5864954604273445
13056911,0.5372930444714693
13019096,0.7651213646489768
14028970,0.5845608135555135
13026827,0.5124223353929748
12024929,0.48251873099387854
11013276,0.7643745676283346
11052702,0.6569244608005905
13048583,0.2616177869855507
12013218,0.3258608201874815
11028591,0.6917160979203375
13100755,1.2062038054618454
11041341,1.3171983040999646
12023651,0.9676974552668564
12025222,0.2507347953872287
14007569,1.2901430336537454
14011260,0.9998147892775935
11019388,0.2253432617509136
14012855,0.9874232378621015
11039736,1.048382088019266
13028097,0.8288336902877805
13051152,0.5804936230751472
14033256,0.19417353705344975
13035573,0.5364690523560197
13063689,0.4738029777171975
12008997,0.7818224761533571
12007870,1.1800254781894373
13055650,0.44229580523121087
13019185,0.8071350186955776
13019636,1.080917938957605
13050968,0.38695957401024567
12025188,0.24942773319170025
12005109,1.4192186763478187
13020317,1.2069846565692557
13028761,0.34917141149451936
14011245,1.0885048936690804
12007875,0.7509866540483832
13010649,1.4425096401687831
12008421,1.1115678455669282
12013147,0.3098837516835094
12005182,0.42757597594136515
13020560,0.692322453801055
11018967,0.7414229406155848
11045057,0.8820344432958922
12100146,1.080917938957605
13026079,0.9849951113278506
11047628,0.51805111074162
14017548,0.6715821246269219
12015873,0.7822946599305944
13034352,0.8924058401932422
13005085,0.9079874601558057
12029426,1.5586201187221187
13010528,0.5670207709937017
14011648,1.1772990710452709
13024686,0.656898804379175
11037681,0.43198738256153374
11038469,0.5704774823848944
11032659,0.9053864748383607
14006813,0.875585442724086
11044437,0.34171138849985033
12024170,1.1259203972783502
11033314,0.8822036308795814
13024907,0.8268656420550718
13027336,1.5261791305578587
12016780,0.5659897474089011
11050863,0.2856922581113855
13020753,1.1146685368330296
12019834,0.9270755342684182
13049313,0.8953732658229092
11033576,1.0067505929989922
12004492,0.6460621483134368
12028148,1.1929011294542873
13011176,0.4360926080063267
13013054,0.373389376427753
11014326,0.3139200191635693
13043047,0.46402735402313655
14022902,0.5410510888410168
11046489,0.2865784771873875
13036560,0.6388008386437696
13056012,0.5610039725588831
11013760,0.39760236517012515
11033416,0.5330650778371276
13033481,0.2903768605271192
12019218,1.2016414460312839
14018540,0.7287383797031843
12012413,1.5144889677321354
13101734,0.6600615601567037
13035017,0.24111563094778987
13043084,0.6523339392244297
12009154,0.8419487404270174
13018506,0.41626009249158014
12027802,0.7498093905298601
11013857,0.5404109834264362
12025227,0.551207970315882
11025265,1.2949924619446833
11045499,1.1228678016070643
13017967,0.6419581647561254
12003338,0.5290734332806446
12027781,0.9549495746348419
13020467,0.9153746374195276
11045855,0.3679505074046146
12004175,0.4815743433151534
13032796,0.421655892471932
11044018,0.5164966930086279
14012194,1.0598919098545962
13041160,0.22759868417111606
14028550,1.3336460040450333
12011523,0.18428190381051934
14011839,0.31299380922334286
13058752,0.5818603559270682
14005538,1.3346267863577514
14012279,0.47075760093506613
13004702,0.5089810670531778
12031934,1.5185398242869752
12004493,0.5797023268746374
13003192,0.8928170614092747
12100752,0.35497842520119793
12007608,1.2250710915536462
13002959,1.0797372210948832
12013511,0.540449588096836
13043612,0.1930407202914164
13042810,1.1115678455669282
11045160,1.498393887202044
13020526,0.45502102807021205
13025237,0.6663115125444515
13035149,0.5420769913001621
13034663,0.5181929124773681
11020881,1.1473357065265792
12016971,0.9713566270027876
12019333,1.035255600086102
13042162,1.041307917108903
13048474,0.20309534539354512
13042896,0.21240892045265755
11047021,0.6074859570229163
13018634,0.7222469623555666
14017622,1.080917938957605
13057432,0.41164441909873045
12020465,0.9312924934497079
12009012,1.0443942753970623
13003326,0.8074835223811379
12004223,0.4856548390448616
13005172,0.7089834624227264
12100760,1.1115678455669282
13050890,0.8374758315370936
11021207,0.785980330817551
11044361,0.9706933703170179
12023872,1.3467558672238027
14007500,0.6766043867848249
13063198,0.4435732042496662
12029487,1.0617577288016373
11047304,1.1520058652653535
13027450,0.5849037090457878
13048452,0.5864263825782027
12011693,0.9898144199780265
13012088,1.2304899899214938
14013812,1.0325488834746486
13019308,1.3125517314141073
14017744,0.5934685090888279
14012727,0.5876923337987295
12015526,0.26236212881093973
14034187,0.5358510951637105
12009521,0.28563477905084417
12029296,0.2751150173652705
14027302,0.5567152370813082
13063470,0.7999462041679247
11050704,0.9812379127967955
12011719,0.4816429119674467
11044595,1.089850617050747
12024126,0.25891870558173674
13032311,0.4372873774579823
11026334,0.6791020713202762
13051240,0.9874039345896275
11034097,0.5819365610746285
12016700,0.7452619091516699
12027987,1.0783618439874278
13100781,0.6614852744257675
12021391,0.8647676615886981
11015363,0.6053815907599279
14013220,1.1784094790192505
13017902,0.8859982995302536
14034700,1.1339623603390394
14005667,0.6067894166335499
12019899,0.9263930674950424
14011885,1.080917938957605
13018695,0.49162638366773337
11034278,0.6452521856310852
13005322,1.0729174454575168
12016793,0.23551022690032453
12027847,1.189636495909652
13035069,1.1350994122849578
12009034,1.161964299866976
13063183,1.441817401586761
11046372,1.1976588382851674
13018604,0.5288372463121443
13043987,1.1827165816327052
14028069,0.7312031082473535
12015167,0.5915912835555999
13009925,0.418229738704803
14012347,1.4711999196984031
12019393,1.180699686607978
11021269,0.6219064172224791
13033225,0.7386692326948712
14018019,0.43538228782815214
13012579,0.7645544899896229
11038649,0.2720264258974933
12009454,0.37240106256156413
14028760,0.47876561208668333
13004282,1.0261531957246424
14027104,0.5528247183208053
12029116,0.8245428743657812
13032924,1.1341544060696909
14022359,1.2292519765835832
12012154,0.7850660140175726
11038434,0.614358493175965
12024806,0.6802050192849339
13049169,0.4089994211690846
12008332,0.5213222745186611
12025616,0.23090745264596543
13025511,0.5005017343463543
14100835,0.7811902914222513
12016603,0.6100779075389178
12019521,1.0335201049506717
11051057,0.9731513247164961
13026668,0.7066023047405696
11101134,0.41881367478309744
12016370,0.9734178963480188
13048604,0.927159411624002
13003741,0.5901226502163299
13056261,0.6840716788577473
14013554,1.3083752610735753
11044614,0.2475361805579344
11051260,0.5871935884072459
12007255,1.2493259073739211
13057822,0.5292248308130373
11039587,0.499335426473221
12004674,0.36597386234195783
13051799,0.2982914751749512
13011127,1.2124671477365374
14039585,0.5851600386872969
14016503,0.6532680722342729
12009251,0.553587160247472
13012958,0.35365152580023806
12025264,0.2645833627699469
12005138,0.2778704546687975
13010357,1.2239336917271868
13035561,0.35219230346352653
13033432,1.0808646746080155
11052229,0.6032010630729574
12015574,1.1853576306756797
11039129,0.4548168055514507
14023432,0.4956745226790905
14006259,0.3933863303666732
13036660,0.30097984224670565
13032160,0.29627967592077653
13016880,0.6067117976024795
13043052,0.1463785344989383
12008317,1.224764536042232
13049323,0.6067145588754042
14022969,0.6959182774392807
12012627,1.1350466199787006
12008473,0.3026688002411323
13003378,0.3907890773289654
12025210,0.46066577453422414
12028047,0.7642101435229403
11045739,0.9459425237175947
14033292,0.532166911065465
11039913,0.9828179888667306
14011294,1.7701759943844138
11051266,1.1167093899527791
13025169,0.7045196845139533
12023761,1.1369733928638972
13048597,0.4922058792957069
12021105,0.18399354797806783
13059427,0.6247252481391289
13063830,0.8350803900317761
12028932,0.5206090407938347
14101487,0.7109240702664732
13051213,0.7466831549066651
13049601,0.8488456204409531
11044750,1.080917938957605
12004146,0.10165918704037606
12019702,0.4478256830040452
12015628,1.2065284206520182
12009486,0.6638104914150886
13056184,1.1680826895327596
12028049,1.1115678455669282
12018979,0.657649850436737
13003693,1.0631895244536964
13027503,0.6966726429508338
13026503,0.9580963949255533
12017745,0.6099977516676952
13051026,0.4228945335113044
12029040,0.42040251280395413
13020136,1.1988786192631316
11013363,0.9318422711510408
12015904,0.2863268842230451
13019524,0.8924058401932422
13042590,0.4580907509430901
14018415,0.5806877745446087
13100090,1.0509182031485491
11020839,0.6058754215851785
14100978,0.5802808632959052
11019205,1.2375116652758607
13026743,0.7444794234961007
14018495,0.5646410628596875
12007950,0.1848110925705579
12003429,0.4853270908842285
12008201,1.1784803581307164
12013186,0.6119428664200964
11032130,0.41166823174704054
12028360,0.6345302161101125
13050326,0.826798495297109
13018667,0.4209956862300779
12024005,0.18051466430204094
12004044,0.8726570612948751
13032498,0.3423253768062131
13012334,1.3546177172702771
14029473,0.5142187575121964
12003625,0.28045306038522927
13009812,0.5471333101006451
12016356,1.0905802503862883
12016649,0.3046906637165305
11031315,1.009479930803172
12003865,0.8286058912230866
11040219,0.15423496343869195
13010430,1.1676247339626202
13035263,0.5670800211925004
12005168,0.5528362083177192
11045656,0.5736570377919259
13024800,0.8329888931609492
13100525,0.25272147762703456
13012406,0.5644162174527013
13048099,1.220240429527406
13048478,0.3932894804675705
12032736,1.5451429209345562
13057287,0.895205082146579
13025744,0.5517954223024696
12019633,0.25967096876994983
13027508,0.9136257163268091
14017427,1.2016661253796648
12023713,0.5133506642089689
12023743,0.5033163014538234
11014896,0.3078953663704301
13028050,0.44972975882124916
11031393,1.2670047324975533
13005457,0.8598088038967675
11013856,0.5326396888476298
12005521,0.6627301778889794
11045689,0.8668679415188416
13040909,0.8167470252275716
13018286,0.7476750422688866
14021336,0.8066795765088578
13026843,0.12540678606108305
11014416,0.5513172601851797
13027798,0.795361402819259
13019314,0.41171184875186345
13017428,1.080917938957605
12003392,0.6258036669560118
12008720,1.0160079930280888
14027650,0.5214547982262235
12011486,0.8517247752578623
14028548,0.27733948628553723
12027666,0.5505159912409251
12011368,0.8677599989995229
13002718,0.7484255172973953
14033854,0.5389910855376001
12004449,0.5600529436344689
11027563,0.548336153430863
14022921,0.814942021097544
11007771,1.2250414276363508
14039127,0.3312781880981908
12011889,0.8092201529167729
13050923,0.42796046167347185
14007522,0.44582343816216696
12015802,0.8946761754973085
12017319,1.3010999749834293
14100518,0.46548568596648
13025142,0.8479873366347005
14028553,0.5365478920410618
13057791,0.8477900142385421
14028802,0.7904834511110257
11026914,1.3368190796013562
13027941,0.5417811116299708
12004835,0.8282688077974839
13003715,0.22816346578975105
12015970,0.7428969382147173
14100816,0.8648472930755605
11100748,0.5313766301227383
13040205,0.7163621608355716
11008366,0.4092161005857857
13101415,0.7956971466817387
13011214,1.4468832352024714
13020455,0.7359480800839376
12015563,1.2171407744102511
14017405,0.9272375994070235
14016611,1.3665065142397779
12021377,0.5657369347804769
13012371,0.19488058535976713
12025662,0.7897925697218026
13017342,0.746327978694823
13017380,0.5464132372377347
13042327,0.3680968695139864
12029071,1.1115678455669282
13028523,0.774572556971843
12003554,0.7581397642164163
13048633,0.5417882750744317
12024870,0.9666251053185116
13020564,0.5801496216742056
11032767,0.8403520184708935
11051187,0.16966885250944436
12100149,0.9884830107961162
14022960,0.9207453213621735
12008582,0.9437017879858869
12008750,1.051193896762843
11033364,0.6191926587512548
12007641,0.29966085837022327
14008472,0.6621204305907856
12007808,0.530714121846157
12003831,1.1049972273633097
13042858,0.5391761104871551
11034887,0.5297635722641664
13005442,0.4643707729990813
11025028,0.49201299250614416
13017182,1.0698015979217397
12007993,0.8008579227858165
13011368,1.0913402444726996
14007172,0.6360171080582808
13011189,0.727020585692826
13043704,1.612673890866403
12025569,0.8003787919640633
11044047,0.5523861786795186
13056838,0.749258618428921
13024751,0.7330705903392151
13043761,1.080917938957605
13043013,1.5962816512713913
14034832,1.2117723931902504
12025527,1.1939015240780477
12008831,1.0433470393469164
11013888,0.5205036676261886
12024028,0.7701000745908184
12028295,0.8456609320335233
14006709,0.4620142607374233
11045899,0.5277294476188031
12024767,1.2062003726419506
14033155,0.6528422868827206
12008186,1.1992824657487264
12009054,0.916583866590402
13010080,0.5187214530116233
12015544,1.2150447277910144
11019729,0.6624430893769646
12028576,0.20099951880253564
12024067,0.5012208905431984
12024796,1.2804605972405219
13035603,0.7358713209041374
12007668,1.0011460008384574
14002285,0.766397338659462
11039101,1.0846265643395459
11046352,1.0731446844831503
11020504,0.7764305831525907
14006119,0.8638152147681448
14028083,0.5553257484383749
12023715,1.2315046607907134
11044948,1.0272091723578096
12015165,0.4669736858754152
13035338,1.080917938957605
12025041,0.5768266448939335
13048886,0.7436888549943144
13041522,0.5688117784077508
13005500,1.0478800855193418
12023991,0.7125224701836765
13057527,0.27260599797950447
13011658,0.6876435619541592
13049069,0.8115204999920022
13056799,0.41008768822417746
13033800,0.7716460717727144
11028507,1.1637397832093175
12029132,0.4916370152474094
11100749,1.159927999075318
11033255,0.6751221914556762
13049125,1.2421402211947679
13034500,1.5637853279474931
12012781,1.3450414234404167
13009932,1.1121513206035583
14017504,0.4530874228782007
11046121,0.4768822592293777
12013038,0.713222337557564
11101121,0.4968709542817179
14024096,0.5294085220447159
12004408,1.050092618632619
12004799,0.9762441946025014
12027647,0.3895489927638759
13011457,0.7434793462700185
14033858,0.5275543740557617
11046262,1.5626009500765177
12013073,0.7057843312636795
13026422,1.1587375914033335
12028026,0.47738862300471985
12020272,0.6984092314816548
13003976,0.836032716209489
13005406,1.1146768939653828
13010278,0.40285527417173894
13058811,1.1374923836001967
11026281,1.0661179649209094
11045563,1.1681363858462797
11040848,0.5343413753060465
12016025,0.7395642470742574
13017410,1.080917938957605
11046809,0.7127182502404701
12004788,0.49235549847651927
12019651,0.3222182099975369
13032949,1.2680175477814917
13101219,1.3972020635973847
13032465,0.18261710682330437
11019640,1.1691009276020012
11047201,0.5078571006155318
11052071,0.8528186138137855
14027032,0.5306906966293357
13003834,1.0964970487637336
13057459,1.0660041375634695
13058604,0.4865129211358996
12013343,0.4247246570578576
13034442,0.5022591039405938
13039548,1.080917938957605
12008681,0.8525826074682233
12023285,0.18193525313538247
11039169,0.6820430827837757
13003694,0.550429810374025
12017015,0.49057708731999544
12029074,0.7341859281893318
13010843,1.5089179445461827
12024452,0.2641943656883333
13056557,0.8679882352470435
11021760,1.444830668820667
14018422,0.5976429914721568
13048384,0.6476465606484229
12029337,0.4972672944111046
12100258,1.0574901651299804
14039598,0.2500147789390059
11051343,0.62388975385079
13010706,0.364011169347172
13003396,2.091199146856362
11014591,0.7415294294314303
14021305,0.5513507026440541
14013852,0.5181892301322296
12028878,0.9781776655617104
12100577,0.6086109569313807
12004490,0.6597816066288998
14033766,0.5165068198996036
11021785,0.6038539729621412
12027497,0.9554233517262926
14034319,0.5856712852561178
14021965,1.7392089245249291
11051470,0.6712837992409175
12028804,0.7209767338431194
11050680,0.6775558989315493
13032443,1.24035743714629
13063573,0.8924058401932422
13027902,0.5671758262862996
12025485,0.9123949474340219
14034672,1.165306913035364
13034862,0.716224727391179
13026106,1.2209240145564275
11047490,1.1186704660640068
13034874,0.5733953492730988
14006205,0.450819158353027
11027903,0.7482722824625772
13040220,0.7319199492511353
14101260,1.1902544625309268
11002292,0.40027990798353047
12008334,0.4068795675787591
12008478,0.3508300433650906
13025968,1.051137453519184
12017051,0.5663123342792152
13017917,0.627374064621085
13010327,1.0103171172614631
13011230,0.8924058401932422
13056893,0.6242515536074835
13024494,0.7526137042083018
12012204,1.2001340089077146
13035556,0.45906918050600876
13050594,0.2950896119936911
11019471,1.0103606171581179
13011062,0.33044122213769983
13018173,1.0644526815506345
13018039,0.2956488586013546
13010081,1.1239991950414407
13013013,0.28738441700582296
11041329,0.6469802040239119
11033313,0.5208385278420532
14027496,0.42633774996011553
13004311,1.080572991498502
13059191,0.8924058401932422
14033927,1.085232104583097
13033928,0.43609080501090347
11025277,0.40638411333107133
13050232,1.215224113879981
11026948,1.0160533329234525
12015130,0.5956661398652764
13018683,0.9603286358258831
12012378,1.061700674378775
13011617,0.534043418548233
13059469,0.9996757975601971
13060056,0.5274665078755328
13028625,1.100984276519025
11045261,1.4128624077117324
11040069,0.5505568297607194
12012131,0.8709177943878182
12020219,1.1543889755763819
14023501,1.1838463560197088
13051784,1.0262185709253293
13004914,1.1243742356103754
13026566,1.080917938957605
13018929,0.8292737362575289
13048465,1.4316526116802075
13011971,0.1679449888872804
14023285,1.0369011445698009
13025912,1.1306834923036868
13028742,0.2235474920720478
12027236,1.0851666016646424
11033356,0.7825201202658
13017930,0.5144433650597782
13009636,1.0572009739798995
14006647,0.5452900637250049
13026804,1.1204613594967279
11026310,1.4017696722641193
13040230,0.24095516704844078
11039891,0.5056661619125116
14012356,0.5954020149048055
14008386,1.2157679354986959
11041312,1.2031034191781493
11038521,0.9236084972662946
14028527,0.2830118391942873
11050805,0.4552926452778497
11020165,1.098166604236991
11039661,0.9238859437781927
14006252,1.3707025913919666
11038453,0.743622074022069
13033904,1.0026246594670913
14012326,0.4767363290219453
12020447,1.059169466781276
12007525,1.0738252631165301
11028073,0.5322564417239812
11037782,0.8620457454399858
12028981,1.27364311487556
12003678,0.9661837528764717
14034669,1.0199491167434132
12019436,1.1846388438116744
12024045,0.24569463459542532
13049088,0.7480193715803772
13048616,0.5418894348125363
13010508,1.20701821932337
13042375,1.080917938957605
13025514,0.5799804995430775
14017048,0.468945134904089
13043703,0.41508811593757566
12009177,1.2548753787319191
12007371,0.35882287893507536
11013358,0.5032379891434267
13049851,0.19617049838380152
13042987,0.720324729279687
13010544,0.5500514362819109
13005173,0.6367583466910663
12020298,0.6350296274292556
12024591,1.0083654987844493
11045095,1.2270577419557158
13024725,0.9537088180133931
11027778,1.4196167174711434
12011728,0.7322039226234538
12029102,1.1493102922211562
14028567,0.29223287181786295
11044481,0.7447219639481791
13064767,0.38288002737282417
11032059,0.4537573205355393
11027714,0.9102380906445517
11027502,0.7634049881569517
11050732,0.8390702879012848
13012329,1.2188218679287421
11052669,0.47833571377098905
12024716,0.8081393533006923
12008658,0.2456125306173324
12016361,0.32284311924984505
13019945,0.13189709244660427
12027557,0.5094805862052919
12029092,1.4130606150283058
12003562,0.5793312729451253
12024047,0.24805019024847955
14028947,0.5191719974121044
12008225,1.179221249667682
13034651,0.7346359085314537
13025884,0.43014220774048617
12024478,0.5458785501716594
13101699,0.7099333693865161
11025564,1.4220957069949716
13064175,0.5247561556187471
12008805,1.3491481268370373
14022907,0.8939308287544283
12011419,0.6294991347866427
12021440,0.7343270289567928
12020145,1.1895736557742451
14012787,0.835874124829039
14016825,0.5334394568499654
12101380,0.6548243654347715
13034584,1.560135207043173
13041642,0.3347520748615707
13041518,0.5286681140911542
12100393,0.37109524898490154
13043019,1.1322809243558003
13040569,1.2852785892086707
13035085,0.5731339976189899
13043588,0.7939409148555646
12029291,0.42409289350571555
14019226,0.554791580665914
13032757,0.8050836061263431
13018688,1.0710784225267491
13024597,1.2076063624374604
13011771,1.0212137848373806
12024331,0.8667004851504255
12004402,0.6026719730821581
13039948,0.9746066076814113
13059324,1.0273676959890916
11032620,0.8398801905702463
13035739,0.533793645635235
13032152,0.5973019591625556
12029488,1.0979914564927322
13101038,0.6356112412509555
14023750,1.182129038868649
13035806,0.9135925633576634
11033328,0.4504985289533684
11008344,1.1192537938295888
12004485,0.7158688331953469
11033298,0.6465446887872538
13035444,0.7980076529892031
13040722,0.9170307923010684
12008126,0.8401856746741401
11046465,0.6721251287242805
14039986,0.40027290685322287
12028238,0.5764380879479805
12019264,0.5311519838679231
13012938,0.8702015329935053
13064756,0.6584068832906819
13017170,0.6429113250631845
13040052,0.8821984824323383
11051500,0.6094295614454718
12013349,0.6661221440463776
14029410,0.7361808961989919
14018792,0.6603797059692821
14013482,1.0240541792704818
11014303,0.5238902389519923
13050207,1.505865333155825
12015664,0.3753908051184169
11019953,1.002488721656766
13019152,0.5582124693414389
12024117,0.546731521080212
14029582,1.080917938957605
14013626,1.2600245426169991
12015428,0.7232980346493955
13034604,0.8739440083212938
14012165,1.080917938957605
14007463,0.7231477730750662
13058706,0.8333719533696178
13024828,1.38802335045114
11031629,1.010802635507968
12017088,1.009133277120137
14023357,0.7308759542710888
14008025,0.5412632543188086
14012374,1.3832571179035662
11044564,0.8022845569788085
12015805,0.544941690258032
11045090,1.0103796486086465
13035908,0.3736924748339572
11026422,0.7612521990387884
11019433,0.48726000149981097
12020124,0.47575848138146737
13058046,0.4197663181511364
12004971,0.5300345836082481
14017886,0.9497886001693888
14006127,0.6080669107353455
12029089,0.4383266935741053
13049605,0.6670978758274998
13042527,1.2284748791977136
14006265,0.9174429165927617
13041681,0.5449360743134077
13047925,0.2860073696496606
14026917,0.7122895162735637
13043682,1.029089190336091
13005313,0.706337324240843
11013321,0.498147556371048
13010287,1.2800160195655357
13041851,0.7405762679029388
12008945,0.5456576109560652
13003855,1.5550742306273984
13100951,0.5061263543441281
13020498,0.7796856560097596
13025209,1.2288249902444093
11052005,0.5358611145049528
14029347,0.7080874860088846
13024401,1.0136838456264257
11021103,0.8433027461384156
11046892,1.3762404477934094
14100863,0.6267721086820363
12004751,1.0495652784291982
12012466,1.2460085530485023
13003387,1.2822951645504288
11050869,1.1355645589862948
13011686,0.8227103968372951
14044225,0.5194930312404673
13031888,0.808680185661683
12015280,0.543829762351212
12020613,1.515570216175125
11041146,1.0251047778500444
11027650,0.757574566386618
12013198,1.1941757911989994
13101225,0.6937820169910976
12017053,0.2755099944240576
12008772,1.0633186865073223
14011248,0.23842869621916038
11032438,0.6158902694917159
12011456,0.4389250230067092
11044455,0.9689892514258124
12015320,1.022320736180082
14039660,1.080917938957605
13019387,0.6107502691684089
14018007,0.4962129220611099
11038194,1.1100921861700206
12003802,1.5254834544472808
13012418,0.3840692249567031
12003853,0.2790083443900484
14011154,0.5867250301503985
11007359,0.6739886724458597
12012733,0.5556186119446604
13050503,0.9668568031795386
13032428,0.35969445455717736
12007823,1.0244263614718887
13048634,0.5703522078760433
12004260,0.8995448037627031
13012101,0.31907831693259536
13055858,0.9620328387609146
11031897,1.1115678455669282
12012670,0.7421647073082749
13020488,0.9914308484786346
13026858,0.3173574068472625
14028501,0.47849400355794736
11047674,1.080917938957605
11015122,1.3037319425407379
12029048,1.1182519867425116
14028072,0.6210304191829694
13003841,0.7046689705037136
14034220,0.6185857367235671
12013460,0.6155225079128999
12024078,0.6962748292703455
13041920,1.0954610115507444
13051882,0.521509295318656
11032138,0.45398846064433174
13056013,1.02869650237664
14018887,0.5037034699242582
12019008,0.3552433003066041
12027559,0.7230565569984564
13041650,0.3880144201528454
11034523,1.139719316830853
13004055,0.34771244496886106
13025547,1.080917938957605
11026441,0.6122536336008756
13043388,1.1554035959468367
12021276,1.1980798136576918
12028066,0.9084874379660574
11039137,0.7543009058057225
12024143,1.1115678455669282
13032906,0.47261075876981534
11026990,0.7098495251139849
12004836,0.2510855696945705
13033098,1.4404563958238914
12020392,0.5282855542635881
13040799,1.111172006143597
11034962,0.9246973539689437
13013059,0.7094883541688316
14010492,1.080917938957605
14029030,0.38551527168478295
13025534,0.21062844393746108
12004411,0.3711514016657807
14022445,0.5805355585659558
12024764,0.5332801376383379
14034225,0.9787680452847997
12012923,1.080917938957605
12100966,1.1573972261112173
12032040,0.4057595475868746
12020362,0.7503393626580402
13063226,1.3082504940509672
12003752,0.46454160689861046
13033893,0.5157976697826062
13058061,0.44199317743365196
11033646,0.5385491861012617
11051030,0.8024366479971933
13033045,0.23527249278952353
12023305,0.4863005405056891
14023711,0.9432397879315617
11033370,0.4549702714107858
12012777,1.2402414086653133
13017465,0.6182485114281978
13043232,0.2852242427492414
12011452,0.3477735971106647
13002981,0.46886879691731065
11044469,0.4864852813851833
14028402,0.825600922025954
12011457,0.27660182662955485
11012871,1.7079218417893904
13028007,0.5859072067828243
12024374,1.2590281228851714
12016057,0.3134267372457856
13025092,1.080917938957605
13033759,0.9344963049044839
14007627,0.23022143386651975
11027522,0.47784256340293735
13056688,1.511902791345706
14012781,1.214107338692869
13012375,0.3246731442746347
13012776,1.0632467629517453
13025458,0.4483265243020616
14019290,1.437878974156886
13035861,0.47753752375597636
13048618,1.1115678455669282
11025662,0.4315171645777836
11013457,0.7055208549256677
13012651,1.5122368086860283
13026107,0.41448788477731086
12029644,0.913378292220238
13017979,0.8023530825668648
12028488,1.2992365048227184
13009061,0.9715288445352913
12012829,1.1115678455669282
12016409,0.5597692494912379
13042389,1.123710314787519
14011822,0.6664096067467629
11053107,0.544660008222665
13010734,0.9014625713611548
14001833,0.7580486686068492
12008086,1.4693728530358527
14016602,0.7470218468291498
14017891,1.0412739919204883
12012260,0.633767472020394
11052398,0.8136863186022981
11028068,0.5888218758477948
11051625,0.7962823680523247
12027738,0.672479368361819
12025473,1.2039180017945321
11020704,0.528170864515401
13043020,0.9023245829884975
13020084,0.8734763262516791
14028334,0.44289911704918317
14011722,0.3479582312331257
12015987,1.4151850373212158
11045958,1.2731924433742068
14006679,0.6501747558647234
11014287,0.27634852176932495
13055755,0.35235461533862444
13012399,1.189687216269387
14022761,1.3112590433447628
11052119,1.1890868573801971
11032684,1.1335960234557723
12027842,0.49497162519080357
13049203,1.3363604965926457
13036580,0.9290783513374371
14013810,1.2483368016263183
13033710,1.0598512171472458
12025192,0.6837523816074186
11045080,1.259350537797252
11007476,0.5352256994133181
13064669,0.5588600749188971
14017084,0.3407341590380529
12004206,1.1815373362191275
12012738,1.0243030445600911
13056821,0.5357850882398463
13042178,0.6593939042293182
13034457,1.1355925676003074
11041380,0.15903484860335532
12020630,1.4333661248381553
13049084,1.310243992983395
12100169,0.45578689041154147
13012957,1.0698737423327689
11028406,0.9602493802931762
12025640,1.1564177462214642
12004045,0.6852033410619777
12019545,0.5663424649053322
12024395,0.5343324498472422
14012846,0.31435764652587234
14101233,0.7052425937174605
12016850,1.219976947659767
12029433,1.2519058527366185
13044170,0.5973425588215023
14100104,0.6994458480728913
13021021,0.9074996945343023
12100287,1.3203086713081649
12029083,0.6138290134723693
11027139,0.6263625054063598
11040277,1.3658685004047801
11020030,1.17536994746929
11045728,0.9955587490918676
12029427,0.5605909801203861
13024649,0.7475321599361747
13026881,0.15708546163913154
13043597,1.0167399277837028
11045058,0.820765246500804
14022957,0.7819506231233585
13044317,0.5334174171671338
11034204,0.5983357590753807
13011049,0.546240434947947
12009131,0.4365629998144554
13035184,0.8798302679644638
12004009,1.3978553851901545
12023440,0.7600436623361252
13049812,0.6552221421928065
12012986,0.3332072192176017
11025872,0.4229066762171471
14029285,0.530340759553281
14012598,0.6826662007740707
12008249,0.7780949527720884
12032642,0.5542182239639416
12024179,0.6563907214693575
13018223,0.38696013388987993
12020894,1.15200336912488
13040460,0.4649867370666294
12100958,0.5663687868476798
12015564,0.7762202535457664
13010521,0.5536661252923987
11027990,1.054083446010777
13056168,0.8437839258656731
13010793,1.5397294207756789
13056871,1.1568864512214325
11022304,0.7738294219468294
13042387,0.34963614150475136
11045198,0.8103889795457675
11019702,0.5744554790110709
13100733,0.6659256454052517
11040781,1.0211794240658796
12028020,0.7222905298936966
11033905,0.5164497947792619
12101152,1.155616363903981
11033441,1.1604339661699175
11039644,0.9109866076066927
13034801,0.6739106892664601
12015324,1.022055687803721
12025623,0.6785988343606831
12012671,0.3122348818454334
12023920,0.5488591262417798
13048434,1.2687106823207404
12019602,1.5691643914948314
12016250,1.13094963701983
12020696,0.6931329148039815
13012909,1.188589469459455
12024021,1.2134274220541161
12020016,0.8302493274165235
12020624,0.5554479101383998
12024048,0.5538603870379388
11034631,0.6793813262071383
12020036,0.27122256519387566
11002024,0.48720608961294176
11038487,1.0688262804366857
14018346,0.5132134132493129
14002472,1.080917938957605
13048590,0.23626990230488037
11032071,0.7640787135784864
13041515,1.14378244252609
13041135,0.5305547823342318
13017951,0.5350204583969329
13024262,0.5120063339365652
13043708,0.27149474849873395
13035321,0.21503052584555046
12020816,0.5759988601353263
11051629,0.4336140198849666
12019599,0.816942153286764
13035912,0.7802556483272456
13032213,0.6865538470965459
12008048,0.87368930467079
12016097,0.8391880641232894
11026911,1.1485625371851775
12005177,0.5133288156302527
13026706,0.7420641882767556
12012188,0.5482877408145382
13032066,0.42376247142871953
12004300,0.43435901132013566
13019205,1.080917938957605
11040817,0.8677844099557877
12015860,0.3499238028252795
12012850,1.1840076126252652
12024467,1.5639951669653571
12009174,0.47602471546599273
13042983,0.9423024774555351
13063137,1.4093102062156457
14044226,1.0463934610772683
12015596,0.7700452892866396
14012709,1.0761055530286983
12015997,0.6149149907928672
13102038,0.9348422510333781
13024299,0.4824907409046918
11021170,0.8924058401932422
13017985,1.2087463859508352
11033076,0.577579385051526
12011592,0.7044203779600156
13041625,1.141079337295368
11013811,0.5679282712929696
13025454,1.1480538972861707
13018429,1.084702599365672
12021141,0.48193034340076046
11033043,0.5352418108676567
12025229,1.0660608036872985
13056887,0.4718156838981933
13051908,0.2350514014343184
14011264,0.5440491323095733
12019990,0.6780239034556682
13020436,0.55317166855692
11033385,1.080917938957605
12019153,0.3050080710156023
11051130,0.7523340257611368
13032478,0.2898365622953674
12004234,0.6433895512677872
12025642,0.26142291579898325
13010496,0.6691014487780921
13005086,0.7969701307929378
12020582,1.4120796642059474
13027763,1.270740866552328
13059276,0.5319922664786346
13017171,0.3609473882189276
12016162,0.7715314399471925
11045588,0.8527284553489678
14033700,0.6137369585197024
11020150,0.540413578233375
13013524,1.1720860909667392
11100411,0.6407111740911003
13034913,1.2754067365508077
13058133,1.152954310576399
12020744,0.4839004330983441
11034837,0.5729245792736731
13011656,0.8072287568781881
12009276,1.1575297818740717
13101985,0.7462222332893519
11035480,1.0108392923294027
14011651,0.5868011729364278
14005635,0.5978295121912599
14100963,0.9977751263090658
11046771,0.8385928803739503
12019564,1.1414196407173152
14008093,0.8803110905825897
13010546,0.6076377745638494
14023177,1.2144998732557708
11014781,1.1173206753115943
13010364,0.6265511766814267
11020228,0.9339502493230407
12029076,0.34363131948649767
11013366,0.5793068457057196
12024644,1.0764352969515425
12027589,1.080917938957605
13025944,0.9367189806430677
11051249,1.1905612183734795
12020029,0.8149068022887106
13004181,1.5707769939364247
14001763,0.43914007812831185
14013114,0.4566331847075124
13048454,0.9200421955015163
13035937,0.31232937040894054
14028946,0.9908829823520402
11020243,0.1919033811510695
12012052,0.41920572922233196
13049406,1.4652685220666593
13035164,1.032092517969157
14033260,0.5201236181265805
11014364,0.9433716114130148
13027197,0.8403647746001096
12023867,0.26427173068440185
13032226,1.308925789610968
12028101,0.7889884774911966
11051992,0.5215244122903637
13064237,1.223325452466672
13059411,0.17307691268384762
12028633,0.705036437663829
12020350,0.5789482736564033
13005395,0.772106006725001
14017869,1.1857584243281247
13018481,0.9991657068183047
13026059,0.5355179442628846
12028614,0.31384855951213275
13024327,1.1306188749385921
12019042,0.7324208934404323
12008424,0.6651450984120483
13026010,0.676638593852085
11013914,0.8193195929895442
14010862,0.41376305300266686
12016641,0.7254598522436669
14018592,0.7778712222583603
12005126,0.40340116327182346
12003738,0.9495219744288815
13018389,1.2382729480084889
13051817,0.5719469149566916
12028854,0.7160753356828123
12027703,0.7382681028182151
11037889,0.5801172720095235
12025448,1.0383001740171514
13031606,0.8843291595402235
13033774,0.6982475963541434
13018487,0.3521294346920115
12012669,1.215935423979172
12008188,1.0908293082878686
13051194,0.3111017967966772
12005745,0.6383408771013166
12016165,1.1674549663670502
14012644,0.549484508382125
14006356,1.1655048581562304
13011774,0.1183992594691275
12016774,0.2285165588088435
14011825,0.6833321996805128
12019219,0.9776968415417787
13042216,0.6265319829131735
13040177,0.6516870208379272
11032745,0.4461083641155492
11101601,0.4805614594643377
11045881,0.672090478213033
11018399,0.8386245300908889
13033633,1.1720082115630113
14005568,1.4319061817159586
11008332,0.7710763819030755
11101402,0.6345687781792702
13028630,1.2792797582552697
12016783,0.7252154975388598
13019309,1.142264292330298
13003665,0.2913453027350577
11026323,0.5293783733659182
12025611,0.329595664405862
13004083,1.162697673664966
13028038,0.3192618318501548
13002680,1.2534085833330633
12028175,1.2421067853122985
12021406,1.262658464121293
13012621,0.7561544763495192
13016047,1.251971715804095
12012908,0.9713320719347888
12019050,0.7542851540644515
14018811,0.5852780560907526
12025237,0.6048995531378005
14007114,1.080917938957605
14006161,0.6460363689881878
11101000,0.6238855786169579
14027646,0.16465884945073914
11024939,1.131353486488773
12016075,1.0618094625498156
13058749,0.27324777288716917
12016047,0.6492527238445203
11008362,0.4296172541489332
13019643,0.58035094450968
13050376,1.1844832753253038
14016729,0.4804374747507267
11021248,1.0143636138481396
13011601,0.43165443817211885
13063195,0.5986866283982683
14011853,0.9716826829788954
14022866,1.0542354060730805
14028942,0.6132648502129198
13018981,1.2298802757385396
13025203,0.3586059224056854
13016976,1.3628015328777014
11019338,0.7413388307710786
11021120,0.741651867699328
13024969,1.3803243950967345
11051318,0.44617654677266605
12020842,0.555964979988403
13047916,0.5783838078833273
13026172,0.5604696100758738
13048456,1.2487055811383976
14039630,0.5479465698065115
13043329,0.7704035978823649
12009386,1.0463934952670089
13063872,1.0112486116986876
11053072,0.5851666078289997
13017983,0.5353898052535138
13012029,1.2796842522647094
12029342,0.5087383968512366
11019507,0.7828404332386744
14022459,1.0672445102648251
11040690,0.6918759828909632
11014432,1.0222906365818336
13019614,0.6559960118310973
13033507,0.3795698701318996
12027368,0.4176736006493124
12008548,0.9856936457261904
11045055,0.4320628307677379
12003814,0.81654539609571
13028379,0.982816446378572
11038195,0.31098222152705723
11051849,0.7884173060234518
14029316,0.42543216983936716
12020356,1.402692568706121
14022680,0.5349198812430304
12003667,1.0315596273495895
13048566,0.2762164300898809
11051133,1.1289033046547368
11052543,1.1652805458989346
13063025,1.3751029537813666
13012846,0.5481873604757074
13018550,0.7106979489901312
13004291,1.1465803750606507
13027933,0.8279314028534454
11019822,1.1149728061430195
13035422,0.8924058401932422
13100282,1.0366146353388195
13020620,0.9990581533091696
13056104,0.5520869027198361
13019217,0.9346432081788818
12015688,1.080917938957605
12017007,1.1115678455669282
11028136,0.6498002178486845
12011347,0.43858971229309124
13051885,0.3754984993850923
12011226,0.9555134454543516
13032659,0.8728543225831352
13065151,0.5410766968961602
11013060,0.3316947512556339
12015416,1.0254280577141246
11051135,0.4481214792407634
14013153,0.5122105989515233
12016806,0.5465053217867076
12007598,1.1312722944423548
13042616,1.3838224976556566
13033962,0.6214039564916988
13017339,0.6847098759363741
14010854,0.41412368311784425
13049619,1.0209207243171197
13050984,0.29577078292143855
12012169,0.8253961965647069
14011723,0.5939847416393844
14014083,0.7561180928306748
14100379,0.8924058401932422
13026128,0.5496672720480927
11026452,0.5299647951480922
12007606,0.25318196286838396
11040772,1.0089790498607651
13012963,1.2391574986996547
12003990,1.080590925857708
11045221,0.2009684576901429
14018066,1.080917938957605
13032460,0.20930138659062159
11044553,1.0727972139867186
13018424,0.5330050113741331
13004265,0.7312319077429711
11040653,0.5349372873516751
13025488,0.1980106415127284
14013147,0.4865708968610865
13043555,0.6560269287513351
12024662,0.3334614132373932
13011213,0.7278618850522199
13018012,0.48043599983610186
11050735,0.5490094886598391
13042378,0.865558867126689
13017851,0.7536265022437686
13025733,1.0131671385976497
11039254,0.1768238353928136
12015649,0.9140228059866232
13004223,0.3681296642237164
13009276,1.2411033225738188
14011412,0.43591288206379186
13018600,0.6734947806301065
12015983,0.8528028568768445
13042309,0.23200586870859657
12016382,1.1915689027633014
11020619,0.5253213306534635
11019146,0.5645749272207147
11007754,0.5899871988599587
12100029,0.7502347519980829
14021986,1.1132706965047243
12013446,1.2107572813278624
12004763,0.5130612378355046
11013900,0.5916395610983646
13101878,0.8188396679393815
13010297,0.621090812047976
14101007,0.6171414429492856
14018440,0.6726069758484208
12004441,0.3883465178418855
12011622,0.9236266366712266
13024727,1.049260344940206
14011136,0.6195394671015486
14028150,0.18451086105934078
11026751,1.0816547682824051
11040025,1.3738744487376102
13036550,1.0876464387817288
14007355,1.2460826050814175
14032650,0.8503441274652718
11025178,1.0711921324051052
14016583,1.4108807925926472
12013211,1.4641909091392766
14039502,0.45401212976365085
13019975,0.4889627637411818
13057956,0.6492790272483451
12015364,1.080917938957605
13064843,1.0540618613139185
12013021,0.6026883035239354
14029122,1.0633184575650894
14011175,0.9324253641582846
13012419,0.808452491177842
11044972,0.3471944342973389
13040842,1.5059202031419887
13017229,0.853130001963562
12003817,0.5400897261527857
13056058,0.48118966365401794
13004104,1.0213567621982587
13058119,0.5266175049797659
14017093,0.41717292622991153
13019047,1.0486452879541344
14018061,1.080917938957605
14018456,0.5887036294115126
12025204,1.135569808786793
12025908,0.2846543345524907
13021235,0.4339862775837571
12007878,0.9761234128222188
13034464,0.5627521109550802
13020536,1.1358836485507853
12008210,1.147074128990236
12016318,0.7006966405581193
14034710,0.5296850144801843
13041461,0.7264079066850345
14018319,1.129065140220846
11046512,0.5523556014971781
12027415,1.1757493342385352
13011116,1.040610827698767
12016826,0.29778016234674337
14028018,1.0753788430701439
13035333,0.421392391504844
14022240,0.5613801801230311
12028956,0.30443669482027647
13011171,0.5290201536854214
13011094,0.8464276241390639
13062927,1.1259093141879084
13027510,0.28522820621894374
13009465,0.43923243960273123
12008743,0.3999508898024055
12011124,0.38968578825006567
11008303,0.820432704943787
13026577,0.39506863448326357
13028581,0.9103457128817602
14006717,0.5602463659002882
12013472,0.5961218423884992
13035941,0.5493219037590572
14013577,0.5535297108382846
13010900,1.0433464381307838
12016167,0.6951559544604513
11013217,1.1208193461673135
13056823,0.42404710111849764
12004568,0.8278497013462601
13040209,0.6216516641440923
14101541,1.1137094206934453
13055504,0.6282146673178453
13028105,1.4513293079069953
13019790,0.23217769205276578
13027514,1.004338101631034
14007539,0.3884357536589224
13048573,0.1489005113667725
11101174,0.8924058401932422
13009721,0.6616645891393732
13058805,0.8410955339131015
11045092,0.790036425689725
12008807,0.8301865607303525
12016928,0.24623669062350803
13102010,0.5596063650823678
13056716,1.2113354595197985
12003856,0.714591786854991
14033172,0.6635984700376567
13004609,1.0505920030773799
14023375,0.5889233418442754
13024646,0.5439679740240089
14018106,0.9241545010668176
12100971,0.5908597872932673
11034316,1.0413074329181629
13003432,0.9615515257805248
13009724,0.7863411929926017
12017286,0.6290918230807411
14028181,1.080917938957605
13040515,1.2591917860169888
12024677,0.9070349677532817
14029001,0.7476425239031815
11013389,1.1934746195788473
12028356,0.6571588239248486
13025383,0.5022195216799807
14012711,0.46671674552573783
12019887,0.6048775562590267
12015310,0.2981591577843764
13044297,0.7226326311731093
11015222,0.7688321929229538
13040634,0.7125098257048236
11043877,0.3688965054040058
12004177,1.3973386031249986
12100933,1.080917938957605
11033577,1.1405925004736222
11045649,0.41187453871942353
14039545,0.6109266948052162
11021670,0.8626366775882814
13026470,1.4992106294196077
12017417,0.5895500939679488
12019805,0.843084050905375
14021937,0.6606044196111518
12011823,0.8238527617123741
11050830,0.38315182260053826
13064781,0.8244523977219427
14013258,0.7999889638510105
12028649,1.3713794998925635
12025604,0.3046550620406302
13004748,0.35282155436793244
13042046,0.5086892273966293
11033855,0.6382995210172346
13003431,0.7131990899144712
14022322,0.9090808569530231
12011565,0.9840741993876211
13004135,0.44206338440086007
12021039,0.3302683739680631
11044900,0.2741871049552185
14011188,0.5025971231068748
11019195,0.6285418717997651
13011177,0.5165668892011908
11006484,1.223488521363327
11051401,1.0107770262055564
13011165,0.5844922529325806
12024727,0.6318956685113549
12012811,1.4229719787004829
13057566,0.49470571141854547
13017243,0.849818101470051
13027391,1.020655476210972
14024649,1.3860311031961199
12028011,0.7566965188224707
11050848,0.26317549742332896
14006148,0.3038747707663135
12100914,1.080917938957605
11033839,0.5510121227132465
13059123,1.2119960102852025
14013713,1.3629385126545583
11014276,0.9543825487923809
11025794,1.2916698219025002
14021785,0.8603038093586111
11008110,1.2264280836955106
13035128,0.9447609264503715
13019986,0.6955233345320029
11038339,0.49738311023335785
11021783,0.6431755290829163
13009448,1.2106319928922733
12013128,0.2892135472853486
13017389,0.21030517262573264
12020949,0.87435783998959
13011103,1.3700491707533593
12024346,0.4274282850281271
11051162,0.8205401643946854
11047418,1.415174211998986
13017347,1.2386114054671764
14017077,0.8488067809753391
11033900,0.5014419400470074
11100966,1.144886824342022
13002831,1.1164588630944143
11007811,0.8111467753921666
13058707,0.7199964963072173
12019672,1.268297988964246
12008849,0.5155412179572108
13019877,0.44673758856011553
11044633,0.7929448853583115
13018372,1.0399224324759337
14011285,0.7924474811733353
13033910,0.5850404435783914
13050535,0.163021460958165
12015889,1.1646877475484219
11040225,0.9432742641819942
12012436,0.6060280598739956
11028611,0.6612956177857499
12008117,1.0004487894536696
12023608,0.19200697331469957
13034693,0.6277422105286341
13057617,1.080917938957605
13024633,1.259636515899255
13019782,1.11255205508853
13042954,0.996968057838243
13040723,0.19506881970238368
11014814,0.6842529987335996
14039307,0.35028858551329933
14023053,0.325986570473966
13033014,1.4765127827268667
13017937,0.538377734673772
11040832,0.7393868211307902
13034812,0.21504311266719778
13035243,0.46389744628266727
13041373,0.788763660014278
13034596,1.0191564791409815
11014372,0.508796334496827
12025236,0.4569557602368356
11051526,0.5868349103773988
12011910,1.1115678455669282
13026607,1.1255944404813478
14023346,1.2705962914511146
11031463,0.47621495403010206
12017252,0.5810712253092308
13041836,0.383418464264694
14023326,0.7635211805415105
11013226,0.7326313631737478
13043023,0.9505114076423251
12019119,0.25371901195571395
13018068,1.429589108978518
11021737,0.21324631889448034
12004406,0.22702228545491082
12009042,1.2134651146855384
13003489,0.9538696708308166
13024760,0.376219189234909
11101263,1.080917938957605
14033266,1.1860876871600257
11025710,0.633853143205568
12023747,0.616077841093506
13011960,0.5378115789901331
13003418,0.6733238161811389
14024594,1.2568518250537561
11032633,0.5684055974009332
11046823,1.3251616823554115
13100496,1.1115678455669282
13039890,1.2735351673007957
13025469,0.7331977639048259
12019469,1.1929333885953033
13057500,1.2056720031020478
12004178,0.704476600620101
13017219,0.39391409708547503
13004220,0.5299381505790489
14033830,0.5006406720060528
13024741,0.22194868941201018
13024936,0.5463509723728022
13064305,0.47371507457008516
12015584,1.0647604342318966
11032806,1.080917938957605
12007361,1.1749240094046465
13004198,0.7811539738996153
12005170,0.444462711540907
11044724,1.5604360738285294
13033832,1.4004127856109125
12025415,0.9765084354358745
12011819,0.40388880481287537
12016360,0.6228243980476195
12020505,0.42111660573833515
13020551,0.3425360394781572
11019768,0.5308255570268575
14006031,0.3846354367585766
11040230,1.1758136792782077
11052766,0.516971481768183
11021604,0.4597434323751088
12008830,0.482690248022812
12016352,0.5179593360577739
11052021,0.3377026910325725
13043012,0.6658393566611903
12003582,1.3820982453154596
11021655,0.542227944971261
13027438,1.1126141519690895
13026702,0.7517912624178319
12024507,1.401963035020398
11052689,0.9051470887503975
13058625,0.8651392820614007
12016390,1.024768483564515
11019748,0.4451210235815641
14021935,0.9670598532986505
12004611,0.363793639566219
14021836,1.1293277937058572
12011503,0.25357927162591837
12023990,0.4674704902463616
13003336,1.059044227269251
13019696,1.2483763116701097
12008187,0.8054913017952596
11045753,1.12487062756252
14039056,0.5481326527307173
13044216,0.7888444348936904
12012612,0.770820841730346
11041324,0.631615798282426
14012553,1.080917938957605
12019382,0.7417217200082623
11027425,0.8391795141388984
12008933,0.8351237369774358
12100324,1.2086562766053583
12007628,0.2564388509692053
13101265,0.882851991176217
12021438,0.9583597809724875
12025001,0.6672260988306137
11045672,0.8435375425221862
13020517,0.5081782432227572
13017363,0.4706125079303656
14028144,0.4684078549687295
13034618,0.3451168677807981
13101996,0.6393674566996036
14033041,0.5001958405502875
14034288,1.2005080210467969
13101155,0.9193143099110955
14100540,0.22371719885987734
13034831,1.2252917336003926
13010480,0.10241425465559342
13064130,0.2730186381858917
13017125,0.858576126011604
13025427,1.006257069527467
14016989,1.113129917558132
13050588,0.6963820725252338
11027847,1.1169766903991611
14035190,0.8513175961133751
12008929,0.23454491620295628
14100612,0.9218856344348698
11040107,0.8369782678331749
13005497,1.3799412062154803
12013525,1.2706993241677007
13009259,1.0866775317116812
12029077,0.4819955047690748
14033840,0.7287395479721176
11052641,1.0360570381316065
13036403,1.3714487210756743
11007868,1.3425387185779571
11047609,0.6253095639499866
11100604,1.5312707157596088
12004966,1.0575803472609433
11047075,0.5316404838237866
11034230,0.49420286641773337
13043055,1.0613592690164775
12020946,0.3407539632589929
12008207,0.7749788771218183
12004783,1.3152100987325788
11040007,0.5012275953346839
14007353,0.6536135801925191
11038997,1.0088263686164658
13024511,1.4330194742332423
14100998,1.080917938957605
12016119,1.2025401421625357
14017493,0.40546247725387763
13025515,1.1242732214541817
13026782,1.084260689465539
12015485,0.5891841646130265
11044343,0.426549543403991
13020374,0.7832136247610525
14029368,0.8106722500272971
13056061,1.2729098981791882
14006737,0.5673214190259513
13019992,0.5025847084090371
13057338,0.5617112724463902
13012268,0.7391217321743491
12016552,0.2723752421055356
11034350,0.8199653578135043
14029210,1.1385384087220356
11044340,0.7414068823047842
14033623,1.9163322320998275
12007914,0.6676481352208984
14019347,1.7860774017191423
13040638,1.5883216573672663
14016842,0.6599108308546403
14011985,0.46269884525392607
14016657,1.2042680996753725
13004993,0.5354219111867267
14100787,0.5437438785821738
12025629,0.693366860545989
13024970,0.3673710383142443
12023748,0.7293230480647627
13019729,0.7438788559622315
12015276,0.8056405038085073
13043746,0.3754528760983842
12017118,0.28565189754923104
13012179,1.414766761732055
14023327,0.3540576751716831
11039157,0.09667001041235113
12100437,0.39219700440511046
12004165,0.4659122731527009
13009799,0.7957260158631057
12015470,0.9379772647823089
13003830,0.17813236467316568
14016268,1.393730139620984
11025841,0.7754928563712381
12025132,1.373213451059975
11020598,0.9311973671461802
13057430,1.0584065619560008
13056934,0.8423758921951779
13031725,0.9480697509127158
11015341,0.6302295968217752
12004139,0.9886226134506344
13026003,0.9828615838043705
12007575,1.1652688043079469
11013290,0.9268460415128914
14028483,0.6799966815026308
12024751,0.7263345202746547
14028941,0.45213110128867073
13026787,0.2987358135258396
13056906,0.499758900571482
12012244,0.496781372857142
12029038,0.6106905678504647
13011786,1.2522221224922168
12009263,0.5727824658872297
12025032,0.777341283330762
14010828,0.6541343623163648
12019695,0.27896583568692057
11044036,0.46053195981711376
13043691,0.19399871755309653
12021004,1.399093698860782
12027746,0.8194648575599249
14013211,0.9781390558148816
13041572,0.5374020078241663
12016388,0.4895950309243726
12020375,0.48116440109595876
13010953,1.11543626341678
12015999,1.1224800230215972
12004790,0.508152181750954
14013316,0.506693508546153
11051633,0.7112495432156017
13058189,0.49753904548066163
13004732,0.5787347285580803
12011775,0.925280746825413
11047302,1.0039392975448977
12007757,0.9245876780574516
14022642,0.7537410957298064
11034765,0.30351061703935306
13039998,0.6633388835637568
13020544,0.7411639411850198
13009854,0.45603970770275226
11040726,0.5254972342253413
14022010,0.3228889547002112
14007565,0.5898106973712332
11027040,0.8510365264190937
12008520,0.8619998877457239
11007266,0.7521069071362075
13049724,1.4690712139651012
11047045,0.48649649217802854
13033008,1.131436227473263
13025290,0.9268689243850748
14012102,0.6299510374978338
11047058,0.40882174764619406
14029349,1.080917938957605
11044631,0.3082768540556244
12020230,0.7561045791089944
12023330,0.3375506524560814
12028669,0.5139431432551833
12016467,0.867350358131441
11034313,0.8924058401932422
14011872,1.080917938957605
12021199,0.821623009787502
13012864,0.7863998149719267
14028677,0.7256396004982776
11020161,1.038316802960592
13034904,0.8924058401932422
11101579,1.1366180121598322
11025720,0.8404646430032086
11032736,1.2029337207800461
13043400,0.9526232496975454
12015835,0.9924948255614191
12008456,0.8487015034116465
13004522,0.9514511265801993
13059007,1.0557431584140862
11013858,0.6556543214099467
14011289,0.39058919439470413
13010627,1.0806571792783015
12007449,0.8979532539868131
12008603,0.5120261815320769
13041457,0.8192624771695232
13051050,1.2085891213786781
11033260,0.8571690883268447
13034519,1.2733079394537736
13034443,0.7815363878633789
13025699,1.22730984983853
14011741,0.41526277777949744
13025048,1.1002668238731235
12009280,1.1393275209627267
13050310,1.2690161711302779
12028177,1.2341916711870162
14023454,0.5781968519640478
12007729,1.199273556330976
12023905,1.178884047308837
13034963,1.1115678455669282
14100614,1.0780340705612554
11044511,0.744045914901401
11013236,0.5571335081836115
13026578,1.3473524625953257
14033661,0.5124679019453059
13019303,0.766531827210303
11051978,0.14978941492505407
13003783,1.12781662299193
11028029,0.3990812576108928
13017336,0.47479422375175717
11033779,0.5056535802681641
13057749,0.4587296498134688
13034629,0.7925464057947541
13004320,1.0861390905763133
13004103,0.6461567192421084
12023753,0.6356955778153596
13024743,0.763242460189161
14017206,0.48722527075327027
14006711,1.3242377463661281
11051563,1.1338572495732473
11020273,0.5346353297800094
13027621,0.1692043559347409
13051087,0.8286145572608835
13035252,1.2321520282281617
14023726,0.7596631291153607
13026228,1.4845488757014031
13016918,0.9863731577943042
11041352,0.31674219416133315
14039088,0.5192699831906066
11050787,0.7543064458411972
11101105,1.0718316490733646
12100949,1.0361511787194275
12021083,0.20794600357428478
12019815,1.0231688924491615
13041944,0.34420318832275304
14012460,1.080917938957605
13051772,1.1025742180016047
13017135,1.1280248891696134
13034601,0.9790060249661824
11033830,0.39851887167222416
13040176,0.5101007557101979
12008326,0.7709065731445605
12023825,1.080917938957605
12028773,1.080917938957605
11041081,1.3806160137594186
13033262,0.27549045504234776
13004315,0.41298272432247474
11020727,0.3033664026827887
12023600,0.3434618786076827
13017355,0.943370155006967
13019256,0.6363872437749072
13059396,0.8678331837485551
13016239,0.7480653222696417
12100417,0.7734125142186071
13012904,0.5155209543497609
12007920,0.5096920650615872
14033812,1.7887091811511546
12004474,1.3577210432877198
11033372,0.25109600612648525
13012126,1.080917938957605
12005123,1.0103433824128685
12020727,0.5821744810996321
14007137,0.5425913605269838
11100802,0.5783533009467803
13034113,0.8940967784523002
11051201,0.9872722158886397
12005456,0.5516716699448341
14023234,0.5106879207603384
14012894,1.080917938957605
12025094,0.813276088863842
14011759,0.5519521307711744
12028393,0.9721724330711875
11014901,0.48815568959288697
11045205,1.1637333675493198
12028639,0.9560622555087719
12019709,1.080917938957605
14019342,0.6555925837640607
13012352,0.7154021781896042
11007332,0.7599926144836412
11025749,0.600332005475857
12101390,0.9684876314957255
12024479,1.1336869442731348
12003536,0.5540817960941727
13020095,0.30017755696825954
13026795,0.69925297670708
11052394,0.8215219537976884
13034624,1.0691654091744434
13040082,1.0732359105231077
13012383,0.35757023553070655
11051545,0.666138270325647
12029377,0.7520999893524241
12021080,0.8305479573060417
11045071,0.5431804511908009
13044163,0.7310361780741718
14026711,0.6362536371224631
14101264,0.931274602324389
11045549,0.42114813155071357
12019543,0.3168068182798489
14028554,0.5814407602367027
13051437,0.7476514327577005
11007034,0.7708992504069049
13024003,0.7432036269716508
11041315,1.1685626857918867
11006771,0.449544763715123
14022928,0.35017322277962276
12029411,1.2341289390824988
11101160,0.9787862453033023
13041530,0.5245162333696259
13048516,0.7021262612426946
12019424,1.1789270525726672
12020045,0.10863159196953288
11021666,0.42679454181323756
12005447,0.6124279516510532
11034769,0.30161198316813115
14027545,0.6123323368149455
13043068,0.36387851347225303
12008533,1.068192615429118
13050450,0.762168866846451
14023661,1.1350183961925258
13035086,1.2839579113517285
12100525,1.0953696619559532
14033536,0.546470910357292
11040856,0.5875775104873663
12027932,0.5543357880973309
13002872,0.39682508722169624
12017000,1.5170736970634955
13064530,0.4979062207475923
12028985,0.8437524445458555
12028019,1.1266563882482479
14035181,0.7166747811774912
13065177,0.8613434829690753
11044863,0.48863154931986535
11052033,1.0476782494386252
13035943,0.7423954525723848
14023291,0.49671148666340503
13020527,1.4750171619584527
13019861,0.5670794650313091
11045409,1.1115678455669282
13051079,1.2607292076854377
12013503,0.21879180789379893
11051163,0.557553782532214
13041621,0.5293135439067769
14034665,0.2553162784915713
13063591,1.406553980145161
14043854,0.6984642466059395
12011846,0.7241539446573231
13050655,1.114673744597642
12011513,0.47204858451507276
11032900,0.4606937643802492
14022011,0.6865911360161572
12005110,0.8145758321091282
12020697,1.094735386700489
14029541,1.080917938957605
12013547,0.4147022608592965
14023045,1.073295215866232
11014883,0.5097726482870942
13010543,0.19634586824272726
13033830,0.4298027135594969
12100280,0.8142321517704546
11014108,0.7778632245725887
11024931,0.5080794303461318
12007912,0.8362618966084175
11039061,0.27191133244791216
11015247,0.5524507274029553
13035052,0.5531252790685627
11052625,0.6489191375891782
11100202,0.8028179143744079
13004254,1.1626810756874526
13005332,0.9567074541540483
13011184,0.6298392976831231
13043034,0.4469554779899921
14022237,0.6913629583585126
13017987,1.1540271773720894
11051580,0.9708450002386968
14028073,1.0917304386262165
14028855,1.2239567455804807
14034607,1.2322476159950284
12015887,1.1868504714172672
14007054,0.43704352575179833
14028832,0.6250168716419301
14034297,0.6063590920413906
12016329,0.13430502239234446
13011526,1.2753898733533262
12021101,1.5852217391973058
14017719,0.8586281540741844
11037887,0.6498768505879244
13063478,1.2927214100346835
12019604,0.6918950973919629
11033178,0.5980491212064496
12008653,0.6009907994513792
13004608,1.5013277823306657
13043167,1.286112899452148
13005496,0.24510042879328153
13009543,1.2065572526529453
14006992,0.4947443705661377
12024196,0.9437239882350735
14023741,1.1347963033415338
13101067,0.8684600755988467
14100499,0.6995458104679777
12028467,0.7054902149229559
12027597,0.9235718384515743
12029471,0.9914035148616951
14101010,1.080917938957605
12017058,0.4886549840652656
11027054,0.5019286929309764
13035207,0.3775535601387088
12019919,1.4018287165003194
12013241,0.3082658571500941
12015635,0.9845847215151735
12015967,0.9494412936162435
13026391,1.043039145157379
11013585,1.0586356088984124
12011933,1.2825575976675525
12020424,0.26003851485494717
11040179,0.5202043872245082
13010464,0.9848009696559764
13009796,0.5076630399690821
14012289,0.44200422123506644
11033292,1.049467714356709
13017955,0.5898199979469975
12023687,0.4929252193460915
13025463,0.224998750925936
12003965,0.8331324997509888
14018756,1.424907004573873
12008826,0.4029738757631851
13050852,0.5556825566484084
11052446,1.0796643936626116
11045662,0.813932599872613
13010817,0.7968624840773487
13049807,1.5374128024596485
11014133,1.2093181712964693
13063157,0.1863354395090177
11047491,0.49276709106160543
13032803,1.4121021893588603
14007945,0.8303256950229687
12003737,0.7678170193763209
12021312,1.0543936854122058
13057487,0.5178434306170487
13035615,1.04259121346425
12029106,0.535716440810953
13040601,1.4036826498140798
14016074,0.4389552737512654
13064327,0.4990846260232771
12100420,1.2261552581390445
12028544,1.0070482896043764
12009047,1.1929407418908775
11026598,0.5490414238704493
13036013,0.6504855692058009
13012416,0.4108584984841084
14012163,0.5682691937057134
13042370,0.5411960023810471
14100646,1.0440467587830435
14027038,0.21118875796262127
12027459,1.2244134583111015
11033221,0.5508459631130097
12019502,1.5936615742816045
13019225,0.489090102892175
12025025,0.7811137558253595
14022962,0.655997401749946
11045619,0.7969486739250353
12028299,0.22819988946872358
12021047,0.5419106164161792
12024386,0.5164352993340114
13035870,0.6113526270402455
12019646,0.5116189068841073
11026276,0.4935546342395148
14033847,0.6046041148880903
13017285,0.4584325594876877
13049844,0.7738766720785077
12015444,1.3738055258731807
11045716,0.7289831569171878
13018333,0.3148645546507702
12015593,0.7359186846633669
11045031,1.1966763770474742
11028075,0.6277807867446745
11040285,0.7838022492047952
14100261,0.628705266336258
12015548,0.5178067652755495
13041809,0.8803802184739807
14007091,0.5561898393892603
11039698,0.6152172677294957
12015024,0.5441448279691973
13100736,1.3687936968755046
12019571,0.6356502839565232
13056251,0.3816019514991705
14008382,0.7080948353733938
13056835,1.1292157063444859
13051796,0.5563137391739198
13011152,0.982751041620271
11007781,0.9734057676302524
14021961,0.5022444411970559
14022356,0.4281427459105484
12008621,1.618762938720521
12028986,1.4276044202574838
13018648,0.71377619809947
12004391,1.096718440103914
11101172,1.3050383286006728
12016853,0.3800215678966594
14026915,0.36624092179589823
12029386,0.4495043939855432
11028049,0.45627339254385657
13049586,0.7974576010240553
13003802,1.2201621747961602
12100598,0.9714999974786529
14017419,0.467973268989748
13057354,1.0633911072280535
13032469,0.4970720695236498
12008558,0.26534337219699844
13012290,0.9981545254743507
12100304,0.8879583128164296
13044107,0.25777157050055244
13035277,0.13600185128511075
13032322,1.1115678455669282
12023344,0.8580398765289542
14008423,0.5485290759335877
13028622,1.0496541061747109
14039646,0.775345677910415
13017218,0.3509881093344596
14005636,0.6020184944157422
13032938,0.8391774397705803
13050617,1.0891316099419073
12007462,0.9148094612562778
13100697,0.4102649640194123
14029829,0.2852888192609727
13025170,0.8743328439707461
13004735,0.452982920631198
12016691,0.8033696028062379
12019450,0.9679446813778446
13035775,1.1534339561536044
12025488,1.2186199944772869
11039617,1.144690613148226
11033353,0.5545313273996466
12008844,0.8739058484933512
12020038,0.3121032161933048
14013282,0.8663088066758398
13034622,0.4479598676651928
14012728,1.080917938957605
14006681,0.543760814951793
11044379,1.3518973117605249
13010477,1.177075521123082
13043717,1.0037154448817465
13012368,1.04237271689347
13017181,1.001262433806149
12011912,0.5218071816446046
12024844,0.8453487595404814
13036593,0.9864046709374988
11051123,1.1111484112291383
13049875,1.2031583511828101
12101166,0.7619833512428978
13012973,1.3884354077270762
13003566,1.3813538301479085
13028008,1.2751830738738072
12021024,0.7308571930422337
11027928,0.8924058401932422
11014805,0.6447537552289982
14027501,0.7551518451279345
12005549,0.43222407822148606
11038647,0.7954867213454375
11033824,0.990614679902143
14101248,0.7296743539851812
14012324,1.1599257729862131
12028661,0.9518344799254073
13050331,0.850650925555583
12015765,1.2972630313181803
13018875,1.432737053680835
11051074,0.41806724694245445
14013763,0.6222486623357119
11019067,1.3701413258388095
12019380,0.7033850320964332
11020771,0.7501976039728016
13009951,0.902300288315228
13010258,0.6931455604617889
11045710,0.4186621491817875
14012022,1.0022270643072262
12025788,1.2944178840186171
12008905,0.5925805514745172
11039105,1.2110707460939016
13035251,0.6150399107805136
14028085,0.647436576940201
12025418,1.3139686929797545
12027356,0.8326494818134454
13004601,1.5182392160936782
12013393,1.0763466392697396
13042070,1.3162836675250689
14019041,0.4957417048615369
13049147,0.8151968053902912
12004029,0.5375965779285851
13042300,0.38615034717752666
12003671,0.8416001708217137
11050792,0.3717703904160585
13020375,0.5692851540376387
13026886,1.3399858157961255
12020324,0.6976193366635669
11027270,1.169676587734461
12007583,0.9783458868802719
12020798,1.080917938957605
12017441,0.5764220723077678
13026185,0.6357521502576668
14022564,1.0886390485548267
12004759,1.1504829350574333
11041377,0.7615920363001427
14022777,0.4069577559198328
11019675,0.5665772511428385
13026820,0.7260192347485753
11014346,0.26345625628997094
12012934,0.8924058401932422
13008961,0.23896994033861219
11013323,0.6790495108779121
14016300,0.6872086078929713
14023704,1.4302829432015054
14013707,0.8518403560020881
13026459,0.5170626673167192
11038525,0.37935469907915464
11032740,0.4136482877877391
13033929,0.6974096046017113
13049861,0.937253968381717
13044063,1.2656962482489706
14018457,1.080917938957605
12013199,0.8940417176790326
11045486,1.0710792882232525
12101370,0.4854522415982558
13034650,1.0564949922644193
12007970,1.2114161893070166
13028093,1.1867370143543565
11046258,0.6785786407278845
11032119,0.4953887550383089
14032729,1.0309336909401592
13027440,0.7607828851852251
13018477,0.7674079596596336
11052546,1.015581870286787
12005595,0.7954252937878998
13010197,1.415970770601933
13039960,1.0832088459646323
13051927,0.8819621425009564
11051206,0.7444205918137842
12016373,0.6936931653074087
14034520,0.5302593301578815
11027702,0.8924058401932422
14028542,0.5848306641528468
13041629,0.24159682764778523
12023980,0.683462275842572
13059467,0.7471774320938969
11002218,0.5430286840293882
11019070,1.112911819076263
12011951,1.5263521495081362
11053151,1.1013519829967335
11015190,0.7853817344048826
12004738,0.7564925012299553
13064086,0.4134664533304686
13025089,0.2481661450201978
13033061,1.1305184888483901
14101071,0.672353444955191
14027658,0.316199200996878
13033022,1.2485924855290627
12000840,0.3235950553288592
11047288,1.4176846185989664
13024813,0.6359301622002973
12013534,1.187505894011818
11040129,1.2373950506988567
13040031,0.4436610597512557
13019597,1.4183452558491778
13009547,0.7595885453142153
13027329,0.45656528909717964
14011327,1.1871898042574667
12004145,1.1811277072097972
13041422,1.3983714749411746
14100972,0.8924058401932422
11045081,0.38376304414970913
11044649,0.389435653869961
14016617,0.7119625345462617
14034389,0.4785717114302874
13043368,1.1115678455669282
12016740,0.5680087308403678
11046355,0.9326507492637508
13064632,0.428725080945082
12025511,1.080917938957605
13004627,1.3133841695442554
11007297,0.5197561066061338
12028686,1.1642009070342256
13043634,0.8359569547615171
11037452,0.3815542717318947
12025637,1.0311339233816808
12018855,0.4090547767005747
13057208,0.531128647187326
12007508,0.8258475074277408
14012607,0.6484922306356035
11021768,1.222593201125785
14018582,0.40499311443204156
13036675,0.5616153992379169
11027576,0.19214233172338818
14028982,0.612723818808652
13019786,0.6734782083418861
14017834,1.343800276862155
13039549,1.080917938957605
12027979,0.2477680286163104
13051890,0.4361557737280509
12015298,1.0174930410007978
12025571,0.9969159631520768
12020049,0.2140957942546664
14006016,1.1205185572649266
11027084,1.3511078398663132
14012351,1.080917938957605
13017841,1.1806138121853789
13064321,0.6135182910672676
11040764,0.5934016802162391
14012693,0.38303211598074194
13056598,0.6262123533838718
11040683,0.7129015146678601
12023802,1.1198464442600735
13024700,1.3823006496764956
11026856,0.9569819362334359
13027707,0.6451278137996016
12003837,0.9947295173412145
13042884,0.37686922761385583
11025655,0.6306931963041386
11034944,0.6317073003220379
14027745,1.035510904637091
12012563,1.0305242111857398
13102000,0.74836903065578
13042690,0.4375145384254002
13011773,0.714659989052942
13034914,0.4932870888409491
13028066,0.6189610204000867
13033281,1.5216177931436494
14007797,0.5119117565007361
11101144,1.080917938957605
13056712,0.5494327867571142
13027359,0.6347304086780453
12011844,0.7589926176746324
14021964,0.22448407483053084
13020158,0.539295846169841
13028529,0.7673203944426984
12025304,0.4480488326657877
12019454,1.0106926596923067
11040734,0.6048547158575931
13040773,0.34001417270353984
12028305,0.5529737654290603
12011605,0.4259342175762404
11019939,1.1381650076701646
11034417,0.7142522764152586
13010717,0.21284982836700592
13063474,0.4916938936952465
14033325,0.7302602776426869
14007506,0.6279748190076002
12008544,0.19083330956333
13048226,0.44211782018523704
11032171,0.4814997130239223
14006645,0.5240300325002165
14034758,0.8213646775684018
11052762,0.42780479871019783
11044261,0.31679710511365394
14017835,1.0925245937201469
11008235,0.8924058401932422
11026243,1.2308176911783506
11032185,0.8924058401932422
12027966,1.0284011772659591
14007593,0.6037211674471966
12005214,0.5221145234608765
14035078,0.5778577685398322
13019585,1.3162485756694906
12027958,0.9924439619386615
13057993,0.7072547354309012
13012241,1.4547563898624492
11019174,0.5336261869231083
14034714,1.0113424400025879
14021629,1.303092461770478
13102013,0.8924058401932422
12017067,0.8327423077176537
12008082,1.1960559730381561
11031737,1.1932798457219451
13027268,0.29462518014561895
14007919,0.5045368432406868
13040425,1.5142448906367434
12028483,0.38730328399630615
12015208,1.207125516701204
11051990,0.2147099532363523
13042264,1.444360976229165
12023310,1.0856442536050186
13026173,0.8869988411828056
12007461,1.4348401480920472
14034398,1.318907762938604
14039132,0.6029996931919318
12015963,0.6148821431453237
11025774,0.5573431877284514
13058243,0.6639783181932452
13035959,1.1293678116648485
14012548,0.5751646233435952
14027215,0.6113033916144799
13039602,0.8277248848674016
12011882,0.8554400847374355
13050461,0.9975037612852613
11033667,0.5309604666001414
14027466,0.48396535839971166
13063576,1.1980280520410895
13049877,0.7179823126327062
11027848,1.0977577768954658
12028330,0.8260279079357851
14018950,0.2457021795238382
13063958,0.7870925006380177
12013212,0.5234443921132141
12027974,0.6955680974145576
14007014,0.8055503378533337
13009491,0.7399677673814381
13056098,0.5189032112443395
13047791,1.0386321520205255
14006174,1.075449190862148
13033217,0.38089822923702876
13024838,1.080917938957605
13017991,0.5152592397802072
12027602,1.439644368077103
11045361,0.7029813614513808
13018046,0.45892785296519584
14006651,0.7670607195410106
13035980,0.8071552758215281
13049784,0.5100608122681752
13004227,1.067082703736235
13011409,0.7316505623259232
14022776,0.9434926668591277
12008652,1.080917938957605
11013185,1.203567364987967
13051031,0.42907665671409406
11040200,0.457464047487643
13026491,0.35229642669936967
14012033,0.9788813313704509
12011674,1.1636287061290815
13101635,0.6002368583555947
12011827,0.8309385492697617
11027762,0.7790882472970676
13018556,0.692659018827173
13031798,1.080917938957605
13035218,0.18531751129395546
14028980,0.5308090527203638
13011831,0.27369154823666814
13033889,0.48921129238190425
13027965,0.6806105920720799
12023421,1.0667060782759308
11044345,1.0762953259813701
14012370,0.5704999341986536
12011480,0.26902114300314994
11046290,0.5292719669655045
14023341,0.7205488952238556
11021175,0.8363195903807508
12005081,1.320116511302733
12029886,1.212389651103511
13041622,0.20022506164985374
13033153,0.579907091194875
13049092,0.8553359442114212
11052299,0.9132124525367445
13017550,0.8703219929884229
13056847,0.49726797366817094
12019047,1.1117250745207503
13058814,0.5462122572080808
12020050,0.5102546683100229
13040963,1.080917938957605
12025663,0.8338533216757974
13032431,0.1918811853140359
14017033,0.45701801228139516
11018136,0.9902696715159546
12012856,0.43570957144142675
11052000,0.5620428885705124
13019171,0.7137216594846889
12013071,0.6679763267285518
12011447,0.5110990055057455
14013281,1.0119154542721978
12025475,0.7438270304686002
13051130,0.14745481000237767
13101025,1.1619601011106875
12015530,0.5338170438138615
13042266,1.0407258015498377
13005179,0.4605342466595809
13012511,1.2633341861052378
13048754,0.5486308592156927
12029049,1.1389672111300644
13011280,0.959026614982948
12023771,1.080917938957605
13042262,1.5073476340013567
12012773,0.5241004238899011
11051188,0.5034902236853958
13034390,0.8704438157015214
12008212,0.47787396809876526
11045255,1.2256093154195522
11020653,0.7306609571109106
14013683,0.725296312109318
12021113,1.138653944532575
12009217,0.23382839096165256
14013349,0.574978390158449
13050949,0.6849636534349828
14012673,0.6778655602788914
12012813,1.0502636142291488
12019054,0.5205612247433316
13051014,1.2834804694082045
14018913,0.2435511478083313
12016111,1.228203686676698
13040146,1.3085963079382328
14021941,0.616447288107286
12015685,1.1718910296017575
12008204,0.8275348298404701
11007167,0.5184955516722486
11047082,1.1398226233953268
13050604,0.4387486581817807
11100629,1.080917938957605
13027779,1.2010867578793039
13032584,0.44213348221109433
13059261,0.7468656634171115
13049879,0.5165197890231448
13034285,1.0650519387824662
12016021,0.771795393341621
13026016,0.3841988223931547
13018018,0.5219740355776413
13011004,0.7503120172035975
14024026,1.328814517325221
13042181,0.6206803369446807
12009163,0.9737311978330414
13042229,0.6524303044545812
13017369,0.8425015388033362
14023332,0.9562758338169293
13050616,0.15859572090734897
13036325,1.4967915838111738
12019113,0.26812270578397196
11045251,0.5327482096923947
13056185,0.37146519265846284
13002626,0.9457794515650462
11046580,0.8194608817993677
12016369,0.628844171510198
13057051,1.2370476692046173
11033799,0.25384524570321043
14012889,1.2225670754337359
12008171,0.759085282828242
12027424,1.0810313194562624
12027706,0.4982025779786627
14040532,1.1201038394349085
13049208,1.2820522922993678
13017358,1.4221967799731468
12023983,0.4156952705773355
13050974,1.0953599718921718
11052964,0.44019512266801836
13055873,1.114554704755388
12011911,1.080917938957605
11026421,0.69231197595754
13041590,0.7268524305824603
12007564,0.4863355790007527
12016117,0.26892854324631094
12024024,1.2671443847455157
13058247,0.5194672875699433
12008195,0.7441724157246209
11040804,0.6004051124449303
14018060,1.080917938957605
11014783,1.1809355229742677
13019179,1.2167369962565422
11021057,1.1289605130907447
13010499,0.49650654839359276
13041540,1.019793813949708
14018751,0.8315677686011711
13025314,1.32277519190512
14018321,1.080917938957605
13100746,1.526791536940935
12028256,0.6373277616917585
13018044,0.3199066311482617
13056265,1.080917938957605
11033186,0.8388696079451857
13020308,0.47397359263782163
14007622,0.7879794061759633
13100956,1.1115678455669282
12021017,1.1370629766949132
13101705,0.5495024975894252
13100470,1.1168669161268516
13033884,0.5028847521964609
14033767,0.2249941908520898
12009170,1.2513902986846241
13042886,1.2367775884608216
14008403,0.47050214736381557
12020545,0.6145219082706905
14016630,0.5192608679325027
11019744,1.11015439133464
12017450,1.3349642618174393
13036653,0.7751191988047559
13101175,0.8924058401932422
13012742,1.3412997752048879
13042847,0.5485947484692258
12100268,0.9695400227755996
14018748,0.8705457740849186
11039034,1.0469918485030585
14034498,0.274491666031776
11045872,0.18560448770251553
13035730,0.5156363099789293
12019977,1.2437729576776309
11100651,1.0697055701663507
11039609,1.0312713492900827
11051141,0.7850126787055163
12007466,0.7223244859436154
11006983,1.2463650810421525
11025863,0.7742807998821927
13011752,0.534103218847128
12020639,0.9496649060232896
13025217,1.0457223432913936
13056093,0.6316087352496998
12028560,1.072308830694215
13043521,1.1266388836873429
12020704,0.4853186876239995
13042321,0.16031204032735333
13033220,0.5525591984418591
12024246,0.7766913377649793
13041617,0.6854400655452174
12004580,0.9347110795591478
12024305,1.4460994100907831
13058120,1.0814412415666586
12015924,0.8208238141675488
13049158,1.2507204319644065
13049640,0.42210182741024543
11040275,0.6192430833601734
13064800,0.6500416028246773
13051577,1.2125532983160339
12009204,0.5166330245132762
13034938,0.7463861253037442
13018911,0.7643460810507751
11047369,0.8650123576021677
12028707,0.3718374324098208
11007803,0.22536938727516442
13003407,0.9144124041920001
12009029,0.6718357072984737
11100783,0.9621757782851794
13058746,1.1796508382109427
13025060,0.4966252795444573
13040115,0.7243912004310104
14016670,0.6343532807401725
14039183,1.4151113554737804
11045624,1.2158158995917197
12020970,0.19923261620554159
11039127,0.11516299323526946
12019759,0.2849658046129925
14013109,0.9509364383967225
12025191,1.5272416422603587
12012479,0.5986171872179123
12005145,0.38133712334142883
13026087,0.5684983907682726
13009876,0.578434127696945
12013243,0.8412650247848329
12025179,0.18021793435542818
12004349,0.6366361880982055
12013032,0.5414286342260242
13101684,0.7866118760482469
11040034,0.9482658026122264
13018540,1.108765393884405
13033763,0.756202394401443
14039651,1.0583332979295916
12020323,1.1558298823311317
11044555,0.5659599978999269
11039297,1.2937790843148915
13055460,0.5163423876109845
11045856,1.0994756821704958
13035899,0.907698666210388
13012173,0.7753199973809907
13019136,0.3669877355025179
13026783,0.9685236046415713
13017297,0.2105985311940301
11100402,1.2497682833580337
13034092,1.5353819672326259
13035921,1.2212182388713544
11050713,0.42751825674942523
12004413,1.0978951101013974
12028303,0.9818760054190678
13036116,0.9697627720798069
14012977,0.5662686591760963
14023747,0.83219991604813
13051177,0.2917642784368594
11045892,0.8116047551731814
11045200,0.11439737689088231
12020074,1.141491105905977
11052945,1.2502532004663622
12016007,0.5058143615491799
11020260,0.5183964160285461
12004718,0.2026293778885001
11052261,0.2622325671572646
11026375,0.8303275246170798
11027930,0.5582792131965273
13033574,0.2057275588547901
14023051,0.7473521376069802
14013845,0.5741165296536898
13005478,1.1826523598127985
11044005,0.2601868105980774
14100335,0.606942034898474
11027862,0.8466805219797624
12012516,1.504351619994527
13049583,0.19955793782305425
12016018,0.6657869015802047
12008443,0.31445272755638354
13041849,0.9527146262301986
13051068,0.29898696279750037
13044147,0.7616866870143633
13025531,0.36614410244333984
14006367,1.1510027102785607
12023606,0.9554909992704287
13018015,0.44267545151791626
11051733,1.080917938957605
13017893,0.9823395643911962
14022815,1.144624528499102
13101997,0.6584143566183812
12016305,0.9102369979519379
11024959,1.218012520280392
12021068,0.6910736576224503
12009396,0.5540397560588233
14013542,0.5900697018508151
13063516,0.48325862515228873
12025209,0.5134413020147983
11012866,0.5575263983396015
12024312,0.9305242837286684
12016919,0.20700562879695777
13035723,0.2806638455010531
13036633,0.6866479059705385
13025570,1.5262602729996793
11044046,0.3681457140730875
12100580,1.0980697385688076
13042955,0.4988697143284938
14022958,1.0791644686036428
13039568,0.29460165346986095
12028967,1.120987256346066
14011849,0.8917121394976738
12025594,0.3873844427228938
12007558,0.7241411159585657
13028726,0.4025243875716725
11039114,0.5812659615107357
13035176,1.2349788890879068
12007835,1.1812079902448989
11047639,0.7037812306310113
13035322,0.8768302345358323
13033872,0.5628163578506257
12029391,1.3599660939883682
13027414,1.2457097285757903
13019122,1.5206395303096716
12024666,1.1676091611976704
13017910,1.1717481574410349
12016346,0.43339269245354584
14013673,0.638840142898948
12016725,0.2826103784577747
12008840,0.36990408666882363
13049384,1.080917938957605
14017554,0.4940201018775245
11033355,0.9370986390677548
12020795,1.1115678455669282
12020411,0.29199744107904263
13026034,1.0584206511949954
11008124,0.4809877174042971
13012923,0.7628355873235719
13011173,0.7091209609939366
13027512,0.671352305378588
13027506,0.4321386680181665
14039546,0.947508647281731
12008819,1.35410790919191
12019453,1.194082675188971
13036529,0.4993609573748704
12024401,1.0100799049743996
12005807,0.678991203009597
11050874,0.37644393325334624
12025366,0.6793654375528885
13009874,1.0865495956713167
11045172,0.5917260644105962
13019733,0.4867800952351701
13032167,1.0468558550762148
13005291,1.2832378363322223
14024236,1.080917938957605
12023720,0.2111487671489798
13017070,1.1191738002625022
13041788,1.4215870041495993
13004618,0.770771668245372
11033821,0.7403015579889343
14017734,1.3810390656992806
13058149,0.4808577433845728
13064585,0.4041074222116444
